Population,HBP01-1,HBP01-2,HBP01-3,HBP01-4,HBP01-5,HBP02-1,HBP02-2,HBP02-3,HBP02-4,HBP02-5,HBP03-1,HBP03-2,HBP03-3,HBP03-4,HBP03-5,HBP04-1,HBP04-2,HBP04-3,HBP04-4,HBP04-5,HBP05-1,HBP05-2,HBP05-3,HBP05-4,HBP05-5,HBP06-1,HBP06-2,HBP06-3,HBP06-4,HBP06-5,HBP07-1,HBP07-2,HBP07-3,HBP07-4,HBP07-5,HBP08-1,HBP08-2,HBP08-3,HBP08-4,HBP08-5,HBP09-1,HBP09-2,HBP09-3,HBP09-4,HBP09-5,HBP10-1,HBP10-2,HBP10-3,HBP10-4,HBP10-5
Intact cells/Dead singlets | Freq. of Parent,6.57,5.36,4.57,3.65,1.7,8.15,6.31,5.4,6.25,1.8,4.23,3.55,4.53,4.91,1.37,3.55,3.48,3.72,3.75,1.71,4.45,7.07,3.37,6.58,1.15,6.37,4.44,5.44,8.59,12.6,2.91,3.02,3.02,0.6,0.94,4.15,4.21,4.41,4.9,2.45,5.86,5.05,5.44,5.83,4.39,7.84,6.31,6.59,6.78,1.51
Intact cells/Live Singlets | Freq. of Parent,90.4,92.6,91.1,93.7,94.9,89.2,91.6,92.1,91.2,94.4,93.2,94.7,93.6,92.4,96.3,94.2,94.3,94.8,93.8,96.3,92.7,90.9,94.4,91.5,95.7,90.6,94.1,91.3,88.6,82.4,94.7,94.2,94.9,98.3,96.1,94.1,94.5,93.6,92.5,95.7,91.7,92.9,92.6,90.4,92.3,89.4,90.4,91.3,88.5,96.5
Live Singlets/Caspase3+ | Freq. of Parent,51.5,31.6,6.6,2.92,7.61,23.5,20.4,14.1,14.8,16.2,30.5,23.9,25.5,15.9,20,15.3,14.4,15,18.5,18.6,24.9,26,18.9,15.9,19.2,26.3,21.6,16.2,13.8,16.1,27.8,18.8,18.3,12,19.9,18.8,12.3,11.6,7.72,7.95,30.6,27.4,25.9,26.4,24.6,14.9,9.47,6.46,8.87,7.99
Live Singlets/CD36+ | Freq. of Parent,29.6,37,23,18.4,5.43,15.9,17.2,23.3,36,10.6,18.5,15.9,27.1,34.4,12.8,20.7,29.2,28.3,28,18.4,25.8,12.3,14.3,21.3,5.05,21.5,18,20.5,34.6,36.9,21,31.8,31,1.21,3.22,23.6,19.8,21.7,37.6,8.38,27.3,20.3,32.5,41.1,22.2,23,27.2,32.2,30.4,3.03
Live Singlets/Lymphocytes | Freq. of Parent,87.9,91.5,98.6,99.6,99.6,88.5,87.9,91,91.1,97.7,93.7,95.8,92.2,96.6,99,90.4,87,84.2,93.1,94.6,88.6,93.2,93.4,96.5,98.8,83.2,90.1,87.7,93.5,92.5,91.5,91.2,87.4,99.3,98.6,87.2,88.2,91.1,95.2,99,86.8,89.1,85.8,91,96.7,97.3,96.1,96.3,98.8,99.8
Lymphocytes/154Sm_CD3+ | Freq. of Parent,69.9,70.7,46.5,28.7,45.1,86.3,84.6,83.1,81,76.9,56.6,58.5,56.7,52.7,50.6,74.9,78.1,76.9,76.2,72.1,58.9,73.9,63.8,61.4,63.7,73.2,65.2,76,71,50.6,64,65.8,66,82.9,79.4,80.3,81.1,81.7,79.4,81.3,65.2,68.6,66.6,65.3,51.5,68.3,69.4,68.7,70.6,61.3
Lymphocytes/154Sm_CD3+/CD4+ T cells | Freq. of Parent,62.5,60.5,47.1,34.6,40,48.6,46.6,48,48.1,46.8,62.1,60.4,59.9,53.5,67,48.3,46.4,43.6,39.5,40.5,67.8,65,70.2,71.6,76.3,62.3,70.2,64.3,62.9,51.6,66.1,64.8,64.1,67.7,74.2,67.6,67.1,68,65.7,66.3,62.8,62.3,62.5,63.3,63.1,62.8,62.4,61.9,59.3,65.9
Lymphocytes/154Sm_CD3+/CD4+ T cells/CD21+ | Freq. of Parent,4.78,2.02,0.59,0.25,0.72,2.17,2.05,1.81,1.51,3.56,3.69,2.96,2.84,1.18,3.33,1.91,1.77,1.11,0.96,1.08,3.23,1.99,4.41,2.72,4.05,2.41,2.27,2.54,1.21,0.41,4.2,3.63,3,1.75,3.84,1.3,1.31,1.1,0.53,0.64,3.38,4,4.32,4.05,3.39,1.09,1.48,1.14,0.9,1.83
Lymphocytes/154Sm_CD3+/CD4+ T cells/CD27+ | Freq. of Parent,47.5,54.1,34,12.2,35.4,82.9,81.3,84.5,81.8,82.8,74.5,75.7,78.7,57.1,57.7,83.9,84.2,82.3,75.6,75.2,71.5,82.2,86.5,83.9,78.1,83,80.9,89.4,85.6,66.5,86.5,92.3,92.7,91.9,86.5,89.4,93.2,93,85.1,78.2,92.2,91.6,92.9,91.2,91.1,74.3,86,90.5,79.3,79.8
Lymphocytes/154Sm_CD3+/CD4+ T cells/CD40L+ | Freq. of Parent,14.4,31.1,11.4,1.55,14.1,42.3,41.5,48.6,48.5,49.1,25.5,24.5,19.4,10,15.6,38.2,37.4,25.5,22.2,25.6,31,43.1,50.5,58.1,47.4,21.9,29,31.1,26.9,19.7,39.4,41.4,42.6,54.8,45.9,47.5,48.5,53.3,33,39.7,41.9,42.4,38.7,44.1,52.8,13.3,22.9,15.7,33.8,22.5
Lymphocytes/154Sm_CD3+/CD4+ T cells/CD57+ | Freq. of Parent,16.2,15.9,12.1,6.67,14.4,2.89,3.04,2.74,2.84,5.42,2.8,2.68,2.72,1.68,3.13,4.11,4.32,5.51,5.79,9.04,4.32,1.72,3.83,3.4,4.04,1.85,3.36,1.79,0.95,1.5,1.94,1.54,1.63,1.54,2.42,0.83,0.83,0.76,0.58,0.81,0.97,1.56,1.18,1.17,1.3,1.04,1.01,0.92,1.07,2.04
Lymphocytes/154Sm_CD3+/CD4+ T cells/CD69+ | Freq. of Parent,27.3,52.3,23.4,2.82,23.9,55.7,52.4,61.1,58.6,60.2,34.7,34.1,29.3,17.3,21.5,49.9,49.2,36.5,30.6,35.1,35.2,47.3,52.4,62.1,49,28.9,33.6,37.6,35.7,24,39.6,43,43.9,56.5,44.5,55.8,57.9,62.2,44.8,46.7,50.2,50.8,47.8,52.1,61.1,19.7,28.2,20.9,38.4,24.4
Lymphocytes/154Sm_CD3+/CD4+ T cells/CD107a+ | Freq. of Parent,19.6,20.1,6.65,3.96,7.38,11.6,11.2,14.9,16.9,19.6,10.2,9.32,10.4,12.4,8.64,7.45,8.19,6.54,9.8,8.55,12.1,7.91,12.9,14.3,15.2,7.37,8.01,8.14,10.5,10.8,14.6,16.5,15.9,19,19.3,6.14,5.29,7.22,11.4,5.08,12.2,12.9,10.9,17.9,21.6,7.67,12,9.04,18.1,8.58
Lymphocytes/154Sm_CD3+/CD4+ T cells/CTLA-4+ | Freq. of Parent,3.24,8.5,1.74,0.28,1.78,6.3,6.34,7.95,7.93,7.07,6.94,7.21,6.8,3.47,3,4.48,4.22,2.56,1.86,1.48,4.36,7.67,8.48,11.5,5.2,3.44,5.27,5.94,6.62,3.21,6.16,7.95,8.04,7.83,6.95,7.63,7.16,9.27,7.18,3.81,6.04,6.02,5.97,7.97,5.38,2.5,5.48,4.97,7.41,2.41
Lymphocytes/154Sm_CD3+/CD4+ T cells/GMCSF+ | Freq. of Parent,3.43,6.76,3.91,0.43,5.38,11.2,10.3,13.3,12.3,14.6,7.91,8.61,7.17,4.75,8.8,3.58,3.49,3.18,3.28,5.83,8.62,8.9,10.1,10,11.6,5.8,6.43,6.22,3.79,7.36,5.09,5.75,6.21,7.3,9.01,4.05,3.88,4.36,2.75,3.76,2.66,3.57,3.61,4.3,4,4.67,6.65,4.07,12,14.2
Lymphocytes/154Sm_CD3+/CD4+ T cells/Granzyme+ | Freq. of Parent,31.4,25,16.1,9.62,16.3,5.22,4.77,4.04,3.65,7.04,5.35,4.67,5.14,2.77,5.47,4.34,4.2,4.87,5.88,6.7,6.45,3.16,5.41,4.98,5.52,3.41,5.58,3.2,1.49,1.05,3.23,2.23,2.32,1.44,3.64,1.91,1.72,1.56,0.99,1.09,2.76,4.99,3.44,3.54,3.88,1.26,1.26,0.99,1.19,1.66
Lymphocytes/154Sm_CD3+/CD4+ T cells/IFNg+ | Freq. of Parent,14.2,27,14.1,3.41,15.3,15.6,16.1,18,18,16,9.54,12.3,11.8,8.59,10.4,7.08,7.28,6.73,7.02,9.74,11.7,12.8,14,16.2,14.3,8.41,9.86,12.3,11.4,11.4,5.72,8.29,8.06,9.08,10.4,3.7,4.07,4.64,4.09,4.06,2.89,4.74,5,5.87,5.24,4.06,6.69,6.36,11.2,11.1
Lymphocytes/154Sm_CD3+/CD4+ T cells/IL2+ | Freq. of Parent,8.47,20.4,12.9,2.88,14.5,23.5,22.6,27.3,29.6,28.1,16.9,18.3,17.4,15.1,17.7,10.2,9.11,6.63,5.59,8.4,14.7,21.3,24.5,31.7,24.7,12,18.5,18.3,19.8,20.5,20.2,23.2,23.8,22.6,25.6,16.1,15.1,17.8,16.7,17.3,11.9,14.1,13.4,17.6,19.8,10.8,17.9,17.6,29.1,28
Lymphocytes/154Sm_CD3+/CD4+ T cells/IL4+ | Freq. of Parent,1.4,2.7,0.76,0.17,0.84,1.36,1.32,1.32,1.56,1.65,0.66,0.69,0.66,0.42,0.97,0.44,0.36,0.25,0.31,0.4,1.17,1.98,1.59,2.42,1.8,1.03,1.12,1.6,1.8,1.85,0.64,0.78,0.83,0.98,1.24,0.74,0.73,0.93,0.85,0.92,0.55,0.66,0.72,0.85,1.03,0.43,0.76,0.57,1.41,1.26
Lymphocytes/154Sm_CD3+/CD4+ T cells/IL10+ | Freq. of Parent,0.53,0.57,0.048,0.017,0.028,0.59,0.55,0.66,0.56,0.85,0.58,0.51,0.32,0.23,0.55,0.35,0.3,0.2,0.25,0.25,1.1,0.55,1.45,1.07,1.2,0.54,0.51,0.59,0.45,0.24,1.18,1.22,1.08,0.67,1.53,0.3,0.31,0.35,0.32,0.2,0.41,0.56,0.49,0.59,0.63,0.2,0.4,0.39,0.55,1.01
Lymphocytes/154Sm_CD3+/CD4+ T cells/IL17+ | Freq. of Parent,0.24,0.6,0.16,0.025,0.099,0.55,0.56,0.61,0.9,0.55,0.22,0.3,0.21,0.15,0.28,0.32,0.24,0.14,0.21,0.36,0.52,0.54,0.78,1.79,0.79,0.27,0.45,0.41,0.61,0.4,0.34,0.66,0.55,0.71,0.97,0.12,0.18,0.23,0.22,0.19,0.23,0.33,0.35,0.44,0.42,0.078,0.19,0.19,0.47,0.49
Lymphocytes/154Sm_CD3+/CD4+ T cells/MIP1b+ | Freq. of Parent,14.5,19.1,5.05,0.75,6.81,14.8,14.2,14.5,11.2,13.9,9.99,5.62,4.84,3.84,5.98,4.66,4.34,4,5.54,7.71,12.9,5.82,12.1,10.2,11.7,4.1,4.78,3.42,2.06,3.34,3.83,3.69,3.2,3.14,6.07,2.28,2.06,2.69,1.58,2.44,8.71,12.5,7.84,9.26,13.5,1.35,2.57,1.56,2.9,3.63
Lymphocytes/154Sm_CD3+/CD4+ T cells/PD-1+ | Freq. of Parent,10.2,17.1,2.16,0.24,1.61,10.1,10.8,10.9,10,8.95,3.3,4.14,4.15,1.47,1.42,2.57,3.11,2.16,1.7,1.73,11.1,5.99,12.2,12.9,7.82,4.65,8.12,5.97,5.39,1.68,3.12,5.24,5.09,4.45,5.23,2.84,3.44,3.43,2.1,1.43,3.86,4.39,5.66,5.76,3.97,2.26,4.12,4.21,4.78,1.73
Lymphocytes/154Sm_CD3+/CD4+ T cells/Perforin+ | Freq. of Parent,25.7,21.4,7.16,3.86,9.72,6.03,5.39,4.05,3.79,9.7,7.61,7.36,7.25,4.45,9.9,3.81,3.24,3.3,4.6,5.06,6.13,3.9,5.41,4.63,6.62,4.57,5.26,4.61,2.63,1.56,3.62,2.76,2.59,2.28,5.59,1.9,1.78,1.66,0.92,1.24,3.09,5.94,3.93,4.06,4.57,1.51,1.71,1.12,1.63,3.96
"Lymphocytes/154Sm_CD3+/CD4+ T cells/Q1: CD45RA- , CCR7+ | Freq. of Parent",46.1,48,27.4,11,27.2,48.2,47.8,46.3,44.9,36.3,43.4,43.5,44.6,36.1,40.4,43.5,47.3,46.2,48.8,40.6,51.7,39.9,46.4,45.6,45.5,37.4,45.7,37.2,35.6,25.9,26.5,31,30.5,26.2,34.3,32,32.3,31.1,29.6,27.5,25,26.6,26.6,25.2,21.4,47.5,47.3,47.9,45.6,40
"Lymphocytes/154Sm_CD3+/CD4+ T cells/Q1: CD45RA- , CCR7+/GMCSF+ | Freq. of Parent",3.7,6.5,3.93,0.31,3.82,12.2,11.5,14.6,13.9,15.9,9.8,9.83,7.85,5.14,9.57,3.23,2.75,2.22,1.75,2.63,8.3,11.1,12.3,12.2,13.3,6.23,8.2,7.62,4.38,10.7,10.5,9.87,10.5,13.7,13.7,6.36,5.27,6.45,3.48,5.11,4,4.6,4.7,5.7,5.82,5.3,8.29,4.2,13.7,15.7
"Lymphocytes/154Sm_CD3+/CD4+ T cells/Q1: CD45RA- , CCR7+/IFNg+ | Freq. of Parent",7.19,15.1,9,1.39,7.29,16.7,17,18.7,19.6,14.9,12.1,14.5,14.5,10.5,10.4,5.19,5.38,3.9,3.22,4.09,10.1,18.8,17.5,20.4,16.4,11.1,12.3,18.7,17.2,17.5,12.3,15.7,15.5,18.6,16,5.87,5.92,7.19,5.79,5.81,4.89,7.29,8.1,9.36,8.6,5.41,9.6,8.48,14.9,12.9
"Lymphocytes/154Sm_CD3+/CD4+ T cells/Q1: CD45RA- , CCR7+/IL2+ | Freq. of Parent",12.4,29.8,21.9,3.93,24.7,30.7,30.3,36.1,39.3,39.1,23.1,25,24.4,23.5,25.3,14.3,12.3,8.56,6.19,11,18.6,28.8,35.2,45.7,32.4,15.9,27.1,27.8,30.6,34.6,31,36.3,36.7,40.7,37,24.9,24.6,29.7,28,28.5,20.1,23.8,25.1,29.9,32.2,15.5,26.8,26.9,41.4,40.8
"Lymphocytes/154Sm_CD3+/CD4+ T cells/Q1: CD45RA- , CCR7+/IL4+ | Freq. of Parent",1.56,3.02,0.89,0.31,1.15,1.44,1.33,1.31,1.67,2.12,1.18,1.21,1.15,0.65,1.74,0.54,0.45,0.26,0.28,0.48,1.38,3.31,2.2,3.34,2.47,1.67,1.57,2.79,3.21,4.42,1.42,1.56,1.73,1.99,2.25,1.47,1.39,1.95,1.54,1.9,1.24,1.4,1.5,1.86,2.83,0.3,0.79,0.51,1.24,1.26
"Lymphocytes/154Sm_CD3+/CD4+ T cells/Q1: CD45RA- , CCR7+/IL10+ | Freq. of Parent",0.12,0.34,0.051,0,0.034,0.37,0.38,0.46,0.42,0.31,0.23,0.31,0.16,0.19,0.16,0.17,0.16,0.11,0.11,0.12,0.2,0.41,0.34,0.55,0.23,0.21,0.16,0.45,0.44,0.24,0.22,0.52,0.53,0.52,0.62,0.33,0.41,0.51,0.42,0.17,0.1,0.16,0.18,0.25,0.13,0.15,0.27,0.31,0.44,0.83
"Lymphocytes/154Sm_CD3+/CD4+ T cells/Q1: CD45RA- , CCR7+/IL17+ | Freq. of Parent",0.26,0.81,0.24,0.077,0.15,0.61,0.72,0.81,1.1,0.71,0.38,0.41,0.32,0.29,0.4,0.37,0.21,0.14,0.23,0.27,0.68,0.82,1.22,2.76,1.22,0.38,0.68,0.68,1.05,0.84,0.57,1.08,0.78,1.26,1.38,0.15,0.26,0.39,0.38,0.29,0.42,0.67,0.62,0.77,0.86,0.1,0.27,0.23,0.62,0.54
"Lymphocytes/154Sm_CD3+/CD4+ T cells/Q1: CD45RA- , CCR7+/MIP1b+ | Freq. of Parent",2.57,3.85,0.92,0.23,1.35,11,10.5,10.6,7.14,6.93,6.6,2.76,2.17,1.66,2.39,1.42,1.27,0.9,1.06,1.03,8.72,4.24,8.99,6.04,6.78,2.29,2.34,1.95,1.22,2.47,2.47,2.22,1.93,2.97,3.63,1.57,1.28,1.88,1,1.4,11.5,13.2,8.3,8.87,12.8,0.74,1.66,0.95,1.72,1.3
"Lymphocytes/154Sm_CD3+/CD4+ T cells/Q1: CD45RA- , CCR7+/TNFa+ | Freq. of Parent",16.5,26.8,14.5,1.54,19.5,47,43.4,52.6,51.8,53.6,28.1,25.8,20.8,13.5,22.1,20.1,18.4,12.2,9.51,15.8,24.3,35.7,40.5,49.1,38.5,18.2,24.4,24.6,21,28.4,29.8,28.8,30.9,49.9,38.9,26,24.3,30.2,17.9,28,26.1,29.2,23.5,30.3,41.1,17.4,22.4,11.4,32.7,27.8
"Lymphocytes/154Sm_CD3+/CD4+ T cells/Q2: CD45RA+ , CCR7+ | Freq. of Parent",14.9,13.3,6.07,1.3,8.02,32.3,32.3,33.3,33,41.9,45.6,44.5,45.2,34.7,33.4,40.2,37.9,36.6,30.8,31.2,31.2,44,41.6,38.9,40.3,47.2,37.5,49,46.2,42.3,67.2,63,62.7,65.6,58.5,60.9,59.8,60.7,56.9,58.7,68.2,66.3,66,66.6,70.4,36.3,41.9,39.8,38.6,38.1
"Lymphocytes/154Sm_CD3+/CD4+ T cells/Q2: CD45RA+ , CCR7+/GMCSF+ | Freq. of Parent",1.19,1.58,0.7,0,1.29,2.82,2.27,2.48,1.44,2.96,3.75,4.06,4.33,1.43,3.78,0.78,0.74,0.63,0.96,1.17,2.39,2.18,2.62,1.55,3,2.08,1.21,1.97,0.83,0.56,1.23,1.27,1.26,1.03,2.93,0.72,0.82,0.76,0.4,0.57,0.67,1.6,1.14,1.42,1.51,0.71,1.21,0.64,1.3,2.55
"Lymphocytes/154Sm_CD3+/CD4+ T cells/Q2: CD45RA+ , CCR7+/IFNg+ | Freq. of Parent",3.12,4.16,3.3,4.58,4.01,4.83,4,4.36,2.96,4.23,4.94,5.62,5.69,2.08,4.63,1.87,1.7,1.26,2.26,2.38,3.67,3.94,3.95,2.91,4.51,3.52,2.12,4.14,2.43,1.09,1.83,2.38,2.17,2.1,4.64,1.12,1.3,1.33,0.73,0.93,1.24,2.42,1.94,2.45,2.31,0.82,1.55,1.14,1.92,3.44
"Lymphocytes/154Sm_CD3+/CD4+ T cells/Q2: CD45RA+ , CCR7+/IL2+ | Freq. of Parent",8.46,15.6,10.2,4.58,14.9,13.9,12.8,14.8,16.1,17.7,12,12.3,11.4,9.3,11.7,6.24,5.24,3.97,3.9,3.67,9.59,15.6,13.6,18.3,16.8,8.98,11.5,11.3,12.3,11.9,15.8,15.7,16.6,12.9,17.8,11.3,9.33,11.3,10.4,11.8,8.82,10.1,8.04,12.4,16.4,5.01,7.74,5.81,12,11.3
"Lymphocytes/154Sm_CD3+/CD4+ T cells/Q2: CD45RA+ , CCR7+/IL4+ | Freq. of Parent",0.25,0.36,0.093,0,0.11,0.21,0.2,0.17,0.15,0.18,0.081,0.11,0.11,0.054,0.14,0.046,0.038,0.027,0.021,0.043,0.12,0.19,0.2,0.16,0.26,0.13,0.095,0.2,0.11,0.097,0.091,0.047,0.074,0.11,0.34,0.068,0.055,0.068,0.031,0.055,0.049,0.08,0.081,0.075,0.087,0.034,0.052,0.038,0.072,0.11
"Lymphocytes/154Sm_CD3+/CD4+ T cells/Q2: CD45RA+ , CCR7+/IL10+ | Freq. of Parent",1.6,1.18,0.14,0.65,0.029,0.81,0.74,0.62,0.39,1.39,0.82,0.6,0.39,0.16,1.18,0.47,0.4,0.25,0.38,0.3,2.66,0.65,2.74,1.5,2.46,0.78,0.94,0.67,0.35,0.073,1.52,1.43,1.14,0.53,2,0.22,0.17,0.17,0.14,0.15,0.49,0.7,0.55,0.64,0.77,0.25,0.44,0.22,0.35,1.18
"Lymphocytes/154Sm_CD3+/CD4+ T cells/Q2: CD45RA+ , CCR7+/IL17+ | Freq. of Parent",0.033,0.16,0.046,0,0.057,0.16,0.15,0.12,0.15,0.1,0.037,0.038,0.031,0,0.038,0.083,0.076,0.027,0.042,0.16,0.095,0.1,0.17,0.21,0.16,0.05,0.065,0.085,0.077,0.024,0.06,0.086,0.068,0.074,0.24,0.031,0.046,0.038,0.028,0.031,0.022,0.052,0.047,0.052,0.07,0.017,0.025,0.014,0.033,0.31
"Lymphocytes/154Sm_CD3+/CD4+ T cells/Q2: CD45RA+ , CCR7+/MIP1b+ | Freq. of Parent",4.77,5.28,3.3,2.61,2.98,9.11,7.59,7.35,4.73,6.81,10.7,6.59,5.87,3.09,7.03,2.89,2.56,1.94,3.32,3,9.09,4.26,8.87,5.95,8.34,4.46,2.83,3.57,1.56,0.85,3.46,3.38,2.84,1.48,5.49,1.87,1.8,1.94,0.93,1.32,5.73,9.85,6.1,7.5,11,1.47,2.62,1.57,2.54,3.37
"Lymphocytes/154Sm_CD3+/CD4+ T cells/Q2: CD45RA+ , CCR7+/TNFa+ | Freq. of Parent",6.74,6.17,2.6,1.31,6.11,15.7,12.4,15.2,12.3,23.2,7.64,6.88,5.37,2.28,6.36,8.01,7.3,5.93,6.03,9.75,7.13,11.7,9.64,10.6,15.2,5.23,3.75,5.63,3.72,2.33,5.58,4.09,4.71,12.6,13.1,6.32,5.21,6.65,2.43,7.21,5.29,7.11,4.54,6.18,9.6,2.17,3.48,1.75,5,4.83
"Lymphocytes/154Sm_CD3+/CD4+ T cells/Q3: CD45RA+ , CCR7- | Freq. of Parent",6.38,3.35,3.34,2.53,5,1.25,1.09,1.26,1.54,2.22,1.52,1.62,1.38,4.6,5.16,3.73,3.73,4.72,4.99,8.58,3.95,2.27,2.75,3.37,3.84,1.8,2.77,1.74,1.99,4.48,0.83,0.49,0.77,0.88,1.15,0.64,0.97,0.9,3.51,3.54,0.7,1.05,0.72,0.93,1.3,1.33,0.86,1.24,1.35,3.47
"Lymphocytes/154Sm_CD3+/CD4+ T cells/Q3: CD45RA+ , CCR7-/GMCSF+ | Freq. of Parent",4.53,12.4,4.9,1,5.52,33.5,29.8,33.5,28.5,41.5,30.8,29.1,30.3,11.1,15.5,14.9,15,13.9,18,26.2,24.3,33.2,31.4,26.5,39,26.1,14.3,21.2,11,10.1,17.1,27,23.7,29.9,35.7,10.4,8.29,10,1.74,3.88,17.9,20.5,19.7,24.1,26.7,4.85,12.1,5.23,15.1,17.2
"Lymphocytes/154Sm_CD3+/CD4+ T cells/Q3: CD45RA+ , CCR7-/IFNg+ | Freq. of Parent",37.1,63.6,18.3,8.7,21.3,42,41.5,43.3,30.7,46,36.7,40.4,41.7,15.6,20.2,55.2,53.9,48.2,52.7,51,50.2,31.7,56.5,60.6,57.5,25.3,37.7,24.2,20.3,12,26.4,38.5,33.8,34.4,46.5,16,11.4,15,3.59,7.23,26.8,29.6,32.2,37.3,41.2,5.31,14.2,5.9,16,19
"Lymphocytes/154Sm_CD3+/CD4+ T cells/Q3: CD45RA+ , CCR7-/IL2+ | Freq. of Parent",2.04,5.09,4.65,1.67,5.57,24,17.8,26.2,28.8,27,8.96,7.86,7.51,2.03,5.03,3.97,3.48,2.5,3.87,5.84,6.63,19.4,10.5,12.6,16.2,12.9,5.31,13.1,13.6,9.66,10.6,18.9,14.4,24.7,17.7,7.39,6.18,9.48,4.32,3.59,8.68,9.24,13.9,15.8,12.6,3.58,7.63,5.12,15.2,12.8
"Lymphocytes/154Sm_CD3+/CD4+ T cells/Q3: CD45RA+ , CCR7-/IL4+ | Freq. of Parent",0.77,1.17,0.34,0.33,0.23,1.92,2.05,1.82,1.5,2.37,0.71,0.26,0.5,0.1,0.12,0.11,0.077,0.07,0.13,0.053,0.41,2.21,0.98,0.82,0.88,1.44,0.44,1.74,1.27,0.23,0.72,1.35,1.24,2.15,1.61,1.58,0.55,1.28,0.28,0.27,1.32,1.1,1.56,1.66,2.04,0.12,0.9,0.22,1.1,0.96
"Lymphocytes/154Sm_CD3+/CD4+ T cells/Q3: CD45RA+ , CCR7-/IL10+ | Freq. of Parent",1.04,1.24,0,0,0.046,2.21,1.25,2.36,2.06,3.07,2.04,1.3,1.25,0.51,0.7,0.89,0.58,0.45,0.65,0.37,2.15,0.66,2.29,2.55,1.77,1,1.72,0.7,0.34,0,4.68,9.46,6.39,5.68,4.77,1.41,1.01,1.17,0.45,0.43,1.58,1.87,1.95,2.28,3.3,1.27,2.4,1.11,1.73,1.77
"Lymphocytes/154Sm_CD3+/CD4+ T cells/Q3: CD45RA+ , CCR7-/IL17+ | Freq. of Parent",0.42,0.55,0.084,0,0.046,1.73,1.37,0.54,0.75,1.21,0.2,0.69,0.13,0,0.061,0.82,0.81,0.21,0.61,0.79,0.41,0.66,0.34,2.04,0.85,0.13,0.32,0.41,0.34,0.23,0.9,2.03,0.62,1.76,1.93,0.18,0.46,0.11,0,0.11,0.26,0.44,1.37,1.45,1.1,0,0.15,0,0.78,0.43
"Lymphocytes/154Sm_CD3+/CD4+ T cells/Q3: CD45RA+ , CCR7-/MIP1b+ | Freq. of Parent",46.7,61.1,17.2,6.02,16,50.3,46.2,45.9,34.6,50.3,58.2,37.7,42.3,20.7,24.1,49,46.4,39.7,51.2,50.3,53.2,27.2,62,66.3,61.7,21.8,37.4,17.4,9.58,8.28,37.1,39.9,34,31.3,51.2,23.4,14.5,17.4,3.76,10.3,46.1,51.8,41.4,48.3,58.8,9.7,20.5,8.69,19,22.2
"Lymphocytes/154Sm_CD3+/CD4+ T cells/Q3: CD45RA+ , CCR7-/TNFa+ | Freq. of Parent",31.8,56.3,11.4,3.68,13.2,62.9,57.6,61.6,57.7,62,35.8,32.7,30.8,8.24,14.7,50.4,46.3,41.6,47.7,45.7,46.1,50.2,51.3,58.3,55.3,33.6,30.4,26.2,18.1,10.3,28.2,42.6,36.1,42.7,43.4,20.6,14.2,18.2,2.97,7.76,31.6,29.9,31.8,38.2,46.7,9.24,19.5,9.24,20.1,18.5
"Lymphocytes/154Sm_CD3+/CD4+ T cells/Q4: CD45RA- , CCR7- | Freq. of Parent",32.6,35.4,63.2,85.2,59.8,18.2,18.8,19.1,20.6,19.6,9.49,10.4,8.75,24.7,21.1,12.6,11.1,12.4,15.4,19.5,13.1,13.8,9.18,12.2,10.4,13.6,14.1,12,16.2,27.4,5.56,5.54,6.05,7.34,6.06,6.47,6.91,7.35,9.96,10.3,6.14,6.06,6.73,7.2,6.93,14.9,9.89,11.1,14.4,18.5
"Lymphocytes/154Sm_CD3+/CD4+ T cells/Q4: CD45RA- , CCR7-/GMCSF+ | Freq. of Parent",3.86,8.53,4.17,0.44,6.62,21.7,19.7,27.7,25.2,33.8,15.5,19.7,14.8,7.66,13.6,10.4,12.2,10.2,8.02,10.9,20,20,26.7,24.2,27.2,14.8,13,17.1,10,14.3,24.1,31.8,33.8,37.8,35.9,23.3,23.2,24.6,14.4,18.3,17.6,17.8,21.8,23.6,19.3,12.3,21.4,15.7,34.8,34.3
"Lymphocytes/154Sm_CD3+/CD4+ T cells/Q4: CD45RA- , CCR7-/IFNg+ | Freq. of Parent",24.7,48.1,17,3.47,19.9,30.3,33.4,38.8,37.9,40.1,16.4,27.7,25.2,13.8,17.2,16.5,19.2,17.8,13.9,15.4,26.4,21.2,30.4,31.4,28.5,16,17.4,24.9,23.1,21.6,19,31.9,29.2,35.2,30.8,16.5,18.6,20.5,18.5,16.3,11.1,16,20.7,22.6,18.8,7.58,14.1,16,24,21.8
"Lymphocytes/154Sm_CD3+/CD4+ T cells/Q4: CD45RA- , CCR7-/IL2+ | Freq. of Parent",4.1,10.9,9.75,2.76,10.5,21.2,20,27.7,30.1,30.1,12.9,17.7,14.2,13.5,15.6,10.6,10.7,8.88,7.61,11.6,14.1,18.1,23.7,27.6,24.8,12,11.7,18.3,17.9,22.3,23.2,36,34.3,44.1,37,18.4,21.4,22.8,24,23.5,13.8,16.5,19.6,22.8,17.8,10.7,18.7,20.9,37.1,37.5
"Lymphocytes/154Sm_CD3+/CD4+ T cells/Q4: CD45RA- , CCR7-/IL4+ | Freq. of Parent",1.82,3.29,0.79,0.15,0.84,3.15,3.15,3.31,3.59,3.83,0.99,1.12,1.01,0.66,1.02,1.48,1.22,0.94,1.01,0.95,3.09,3.85,5.03,6.65,5.12,2.31,2.55,3.59,3.58,2.41,3.58,4.71,4.1,5.06,4.05,3.32,3.42,3.72,3.65,3.48,3.18,3.66,3.78,4.41,4.91,1.82,3.6,2.75,5.58,3.71
"Lymphocytes/154Sm_CD3+/CD4+ T cells/Q4: CD45RA- , CCR7-/IL10+ | Freq. of Parent",0.52,0.6,0.04,9.95E-03,0.023,0.69,0.63,1.06,1.02,0.44,0.76,0.85,0.67,0.34,0.26,0.46,0.46,0.25,0.28,0.37,0.59,0.61,0.96,1.21,0.36,0.51,0.25,0.74,0.8,0.53,1.08,2.13,2.42,1.76,1.48,0.82,1.02,1.05,1.05,0.43,0.63,0.53,0.92,1.07,0.3,0.16,0.68,1.26,1.31,0.92
"Lymphocytes/154Sm_CD3+/CD4+ T cells/Q4: CD45RA- , CCR7-/IL17+ | Freq. of Parent",0.26,0.49,0.15,0.02,0.085,0.99,0.79,0.98,1.67,1.12,0.34,0.87,0.63,0.17,0.48,0.73,0.7,0.44,0.35,0.67,0.96,1.07,1.51,3.11,1.38,0.72,0.74,0.92,1.22,0.6,2.56,4.8,4.44,4.35,5.43,0.76,0.89,1.18,0.95,0.91,1.71,1.77,2.12,2.7,2.45,0.16,0.51,0.7,1.15,0.78
"Lymphocytes/154Sm_CD3+/CD4+ T cells/Q4: CD45RA- , CCR7-/MIP1b+ | Freq. of Parent",29.6,41,6.36,0.64,9.05,32.6,32.9,34.3,28.7,37.7,14.4,8.36,7.21,4.95,6.77,8.46,9.39,8.07,9.37,10.4,26,11.9,27.7,23.7,27.5,5.47,11.5,5.34,4.41,7.22,9.84,12.3,9.47,15.3,16.9,7.54,6.26,10.4,6.28,8.94,26.3,31.3,19.4,22,32.9,2.28,5.14,3.39,6.05,5.69
"Lymphocytes/154Sm_CD3+/CD4+ T cells/Q4: CD45RA- , CCR7-/TNFa+ | Freq. of Parent",22,42.9,11.3,2.07,15.7,45.4,44.4,54.8,53.8,56.1,25.6,35.4,27.9,13.9,20.1,25.4,27.8,23,19.1,21.3,31.1,32.7,40.5,44.4,38.3,22.4,20,27,21.3,22.2,31.6,42.5,40.8,56.3,46,32.5,36.9,41.9,28.2,33.8,33.8,36.6,36.3,43.8,45.6,21.2,29.6,18.8,42.5,36.8
"Lymphocytes/154Sm_CD3+/CD4+ T cells/Q5: 141Pr_HLA_DR- , 156Gd_CD38+ | Freq. of Parent",15,16.4,4.39,1.28,4.45,21.6,22.5,23.7,22.6,29.3,36.9,36.3,39,21.9,22.3,25.6,28.2,24.4,18.4,16.6,25,39.6,34.7,33.8,30.6,38.7,29.9,44.4,41.4,23.2,48.9,51.9,52.5,52.5,47.1,50.6,53,53.8,42.9,32.6,61.6,57.7,62.6,62.3,60.3,33,42.1,44.3,37.5,28.7
"Lymphocytes/154Sm_CD3+/CD4+ T cells/Q6: 141Pr_HLA_DR+ , 156Gd_CD38+ | Freq. of Parent",2.23,2.37,0.32,0.16,0.21,1.12,1.12,1.03,0.78,1.61,1.59,1.38,1.22,0.59,2.7,1,1.1,0.92,0.92,0.81,2.03,0.71,2.51,1.71,2.01,0.9,1.4,1.51,0.66,0.32,2.26,2.32,1.97,1.01,2.13,0.74,0.81,0.74,0.46,0.47,0.89,1.9,1.42,1.43,1.72,1.29,1.79,1.56,1.06,1.29
"Lymphocytes/154Sm_CD3+/CD4+ T cells/Q7: 141Pr_HLA_DR+ , 156Gd_CD38- | Freq. of Parent",6.48,7.49,2.13,0.81,1.74,1.92,2.1,2.07,1.71,1.86,1.29,1.3,1.14,1.14,1.62,1.74,1.82,1.99,2.12,2.38,2.21,0.9,2.42,2.54,2.06,1.1,1.88,1.29,0.92,1.09,1.1,1.14,1.33,0.97,1.31,0.68,0.77,0.67,0.66,0.78,0.58,1.04,0.75,0.74,0.9,0.91,1.08,0.89,0.76,1.56
"Lymphocytes/154Sm_CD3+/CD4+ T cells/Q8: 141Pr_HLA_DR- , 156Gd_CD38- | Freq. of Parent",76.3,73.8,93.2,97.7,93.6,75.3,74.3,73.2,74.9,67.3,60.2,61,58.7,76.3,73.4,71.6,68.9,72.7,78.5,80.3,70.8,58.8,60.4,61.9,65.4,59.3,66.9,52.8,57,75.4,47.7,44.6,44.2,45.6,49.4,48,45.4,44.7,56,66.2,37,39.4,35.3,35.5,37.1,64.9,55,53.2,60.7,68.4
Lymphocytes/154Sm_CD3+/CD4+ T cells/T regs | Freq. of Parent,1.97,3.15,0.82,0.085,0.66,3.35,3.02,3.41,2.25,2.73,2.16,2.5,2.37,0.55,1.28,2.41,2.78,2.11,1.24,1.32,2.09,3.79,2.56,2.2,1.69,3.11,2.51,3.78,2.14,0.65,3.11,3.98,3.61,4.17,2.87,2.42,3.03,2.99,1.68,0.57,2.52,2.8,2.84,2.41,2.06,2.1,2.75,2.53,1.05,0.67
Lymphocytes/154Sm_CD3+/CD4+ T cells/TNFa+ | Freq. of Parent,17.8,30.8,11.7,2.04,15.8,36.8,33.7,40.7,39.3,41.5,18.7,18.5,14.6,9.47,16,17,16.3,12.6,11.8,17.6,20.7,25,28,33.9,29.7,12.9,16.2,15.6,13,14.9,13.6,14.1,15.1,25.9,24.3,14.4,13.7,16.7,9.6,15.7,12.4,15,11.9,15.3,19.3,12.3,15.2,8.38,23.3,20.4
Lymphocytes/154Sm_CD3+/CD4+ T cells/GMCSF+_ or IFNg+_ or IL2+_ or IL4+_ or IL10+_ or IL17+_ or MIP1b+_ or TNF+_ | Freq. of Parent,26.7,44.4,24,5.06,26.4,50.1,47.6,52.9,50.5,50,33.9,32.6,30.1,22.5,27.2,23.5,22.3,18,16,21.3,34.7,39.7,44.9,47.9,40.6,26,30.9,33.8,31,28.4,28.7,32,33,34.9,37.4,26.2,24.9,29.3,22.8,25.9,26.5,31.9,27,33,38.5,20.3,28.5,24.6,40.1,36.2
Lymphocytes/154Sm_CD3+/CD4+ T cells/IFNg+_ & IL2+_ & TNF+_ | Freq. of Parent,2.86,7.37,3,0.8,4.23,6.82,6.75,8.55,9.52,8.89,3.29,3.95,3.13,3.03,4.7,1.97,1.96,1.38,1.64,2.98,3.95,4.86,6.41,9.2,8.59,1.75,3.03,2.67,2.94,4.73,2.82,3.57,3.52,6.08,6.45,1.14,1.19,1.52,1.35,1.87,0.85,1.45,1.32,1.82,1.83,1.18,2.3,1.47,5.24,5.47
Lymphocytes/154Sm_CD3+/CD4+ T cells/IFNg+_ & TNF+_ | Freq. of Parent,11.4,21.9,6.98,1.48,9.58,13.4,13.4,15.6,15.7,14.9,6.79,8.42,7.06,4.9,7.46,5.94,5.89,5.17,5.91,8.49,9.29,8.77,11.1,14.1,13,4.1,6.01,5.47,5.13,6.59,4.11,5.24,5.19,7.78,8.43,2.43,2.56,3.05,2.37,3.04,2.07,3.39,2.99,3.9,4.14,2.4,3.9,2.46,7.12,6.9
Lymphocytes/154Sm_CD3+/CD8+ T cells | Freq. of Parent,15.9,23.1,12.2,3.57,9.91,31.5,33.5,33.8,32.9,31.8,19.2,18.3,20.3,16.5,13.8,33.5,37,37.3,34.1,27.9,17,19,17.9,17.4,12.7,20.9,16.3,19.8,20.1,18.2,23.2,25.6,26.4,23.8,15.6,19.1,20.5,19.8,16.9,12.3,24.6,24.1,23.6,22.8,21.1,16.5,22.5,22.2,20.1,13.2
Lymphocytes/154Sm_CD3+/CD8+ T cells/CD21+ | Freq. of Parent,5.22,2.91,0.48,0.41,0.68,3.77,4.02,3.67,2.96,4.32,3.58,3.09,3.12,1.09,1.91,3.14,3.32,2.26,1.8,2.23,5.23,4.13,7.31,4.78,5.3,4.01,3.54,3.67,2.21,0.73,5.95,5.51,5.22,2.69,4.9,2.26,2.1,1.78,0.88,0.82,4.14,4.96,5.75,5.21,3.97,1.81,2.11,1.63,1.27,1.7
Lymphocytes/154Sm_CD3+/CD8+ T cells/CD27+ | Freq. of Parent,54.8,51.9,47.5,29.4,26.9,85.6,84.4,84.9,81.6,72.7,90,90.9,92.4,78,77.9,62.2,67.5,65.1,58.3,27.8,83.9,84,90.9,88.1,82.3,76.8,90.5,83.7,79.9,50.3,82.9,87.1,87.6,89.4,75.3,89.9,93,93,87.2,82.9,91.7,92.1,93.5,90.8,85.9,89,94.3,95.2,88.7,86.8
Lymphocytes/154Sm_CD3+/CD8+ T cells/CD40L+ | Freq. of Parent,7.31,7.77,5.28,4.43,3.36,3.22,2.9,3.1,3.19,1.82,2.44,2.62,1.87,1.65,2.19,3.82,3.77,2.08,2.18,2.94,5.17,6.53,6.19,6.72,6.9,4.12,4.41,4.92,4.23,3.03,2.85,3.05,2.86,4.99,4.99,5.66,5.99,6.79,3.71,5.05,1.79,1.89,1.95,2.23,2,1.31,1.52,0.95,2.92,1.87
Lymphocytes/154Sm_CD3+/CD8+ T cells/CD57+ | Freq. of Parent,25.2,32.5,20.9,15.5,32.7,23,24.1,24.4,27.8,48.6,18.5,15.7,14.4,14.2,29.3,29,24.7,27.4,32.7,56.7,13.6,14.4,11,11.9,20,21.6,8.02,15.9,16.2,29.5,12,11,10.7,8.92,20,11.2,9.17,8.05,7.14,11.1,10.7,11,9.09,11.7,23.3,6.44,5.12,4.01,5.82,13.5
Lymphocytes/154Sm_CD3+/CD8+ T cells/CD69+ | Freq. of Parent,57.2,75.5,51.1,31.1,58.8,71.5,71,75.2,74.9,82.5,56.8,53.4,47.7,34.1,57.7,59,59.3,48.8,57,64.1,57.1,65,67,74.6,75.9,48.5,52.8,53,47,53.7,45.6,47.9,50.3,69.6,66.4,60.8,64.2,69.9,47,60.4,54.8,59.6,51,59,73.7,29.7,35.5,22.4,44.9,41.2
Lymphocytes/154Sm_CD3+/CD8+ T cells/CD107a+ | Freq. of Parent,35.1,40.5,26,30.4,48.8,35.8,35.5,36.4,37.9,56.1,31.8,29.8,29.9,31.3,44.8,28.8,24.6,23.5,32.9,43.3,29.8,27.4,29.9,38,45,28,27.4,28.7,31.1,42.9,33,35.6,32.9,48.2,50.5,15.1,12.7,15.3,17.2,21,23.4,22.9,18.7,29.4,40.6,25.7,29.4,20.4,39.9,40
Lymphocytes/154Sm_CD3+/CD8+ T cells/CTLA-4+ | Freq. of Parent,0.56,0.83,0.14,0.082,0.23,0.36,0.32,0.32,0.38,0.18,0.23,0.18,0.16,0.15,0.21,0.5,0.46,0.23,0.26,0.16,0.38,0.73,0.57,0.97,0.31,0.25,0.35,0.36,0.46,0.35,0.19,0.28,0.38,0.19,0.33,0.41,0.35,0.51,0.39,0.32,0.25,0.29,0.16,0.26,0.22,0.18,0.55,0.68,0.34,0.13
Lymphocytes/154Sm_CD3+/CD8+ T cells/GMCSF+ | Freq. of Parent,7.18,8.06,5.01,2.05,9.28,7.98,6.97,9.62,8.92,29.6,11.6,10.2,7.8,6.51,19.9,5,4.98,5.12,6.59,14.8,9.56,5.84,9.36,8.51,20,4.3,5.18,3.27,1.84,5.74,6.37,4.9,5.19,8.24,16,6.03,4.36,4.41,2.81,5.85,2.41,2.76,2.42,3.32,4.2,2.58,2.66,1.25,4.78,9.02
Lymphocytes/154Sm_CD3+/CD8+ T cells/Granzyme+ | Freq. of Parent,43.5,44.2,15,8.04,18.5,27.9,27.3,27.7,31.2,41.7,17,11.7,12.3,8.86,12.3,28.3,23.5,24.9,28.9,42.4,13.8,13.2,10.5,12.7,16.3,17.3,7.73,11.5,12.5,10.9,13.4,11.1,11.1,8.35,19.1,12.8,9.93,8.89,6.35,8.36,17.4,17.8,13.8,17.2,32.4,5.82,4.46,3.71,3.48,4.75
Lymphocytes/154Sm_CD3+/CD8+ T cells/IFNg+ | Freq. of Parent,42.9,61.2,52,54.6,75.1,45.1,47.5,47.9,52.4,72.9,38.5,36.5,33,32.8,58.2,38.5,32.2,31.7,42.6,71.6,40.8,32,36.4,44.7,52.5,33.3,29.9,30.8,30.4,53.2,22.8,24.3,22.1,24.2,40.6,21.6,18.9,19.1,17.5,24.9,18.9,21.2,18.9,26.2,44,13.8,15.3,12.4,21.6,33.1
Lymphocytes/154Sm_CD3+/CD8+ T cells/IL2+ | Freq. of Parent,12.1,17.6,20.4,19.9,17.6,14.2,13.3,15.7,16.6,17.5,13.7,14.6,11.2,13.1,20.5,7.89,7.63,6.1,7.09,11.2,20.1,13.5,22.4,29.4,32.6,7.38,17.1,8.27,8.06,14.6,10.6,10.6,10.4,13.8,18.7,9.65,8.22,9.53,8.6,11.6,4.61,5.21,5.24,7.35,6.78,5.66,7,4.7,11.5,15.2
Lymphocytes/154Sm_CD3+/CD8+ T cells/IL4+ | Freq. of Parent,2.43,2.34,0.95,0.49,1.1,0.76,0.76,0.78,0.89,0.84,0.54,0.5,0.35,0.45,0.69,0.43,0.37,0.22,0.36,0.36,0.48,1.54,0.47,0.83,0.95,0.82,0.35,0.84,1.17,0.9,0.16,0.16,0.16,0.23,0.37,0.4,0.33,0.45,0.38,0.65,0.15,0.12,0.12,0.22,0.29,0.13,0.086,0.093,0.35,0.31
Lymphocytes/154Sm_CD3+/CD8+ T cells/IL10+ | Freq. of Parent,0.13,0.22,0.022,0,0.046,0.32,0.35,0.31,0.29,0.47,0.25,0.26,0.19,0.17,0.15,0.17,0.15,0.071,0.11,0.13,0.47,0.23,0.59,0.59,0.58,0.18,0.24,0.2,0.11,0,0.51,0.56,0.46,0.17,0.7,0.13,0.1,0.089,0.061,0.066,0.21,0.35,0.23,0.3,0.46,0.099,0.14,0.1,0.12,0.27
Lymphocytes/154Sm_CD3+/CD8+ T cells/IL17+ | Freq. of Parent,0.18,0.28,0.011,0,0.028,0.29,0.27,0.19,0.36,0.28,0.09,0.11,0.082,0.045,0.21,0.25,0.32,0.11,0.32,0.62,0.19,0.29,0.17,1.19,0.37,0.094,0.25,0.11,0.15,0.15,0.18,0.15,0.14,0.33,0.61,0.071,0.082,0.05,0.069,0.15,0.11,0.095,0.049,0.14,0.22,0.035,0.079,0.05,0.11,0.25
Lymphocytes/154Sm_CD3+/CD8+ T cells/MIP1b+ | Freq. of Parent,44.5,49.5,30.4,22,58,48.1,48.4,49,52.1,73.8,34,17.9,15.7,22,40.1,37,30.6,29.1,42.3,71.3,36,27.6,30.2,41.2,53.3,29.8,21.9,22.3,22.7,46.5,22.6,20.5,19.4,26.4,42,20.2,15.7,17.8,13.8,24.9,33.5,35.7,21,29.9,57.8,13.9,13.5,8.04,18.3,28.6
Lymphocytes/154Sm_CD3+/CD8+ T cells/PD-1+ | Freq. of Parent,9.55,13.3,2.44,0.82,2.12,22.8,25.6,24,25.4,30.3,12.4,11.1,11.3,5.98,8.84,3.63,4.2,3,2.65,2.6,20.1,6.08,16.1,18.2,20.2,4.55,11.3,4.69,4.03,1.95,3.03,4.38,3.67,3.52,5.9,5.62,6.04,5.55,3.92,3.75,10.5,11.2,10.5,13.6,20.1,3.06,3.87,3.11,4.1,3.89
Lymphocytes/154Sm_CD3+/CD8+ T cells/Perforin+ | Freq. of Parent,53.1,57.3,15.1,7.79,24,41.9,41.9,37.1,42.5,67.9,25.4,22.5,22.3,14.3,32.3,34.3,27.4,26.4,32.5,47.7,21.9,21.8,17.5,21.9,29.1,31.1,14.2,24.1,25,21,18.3,18,15.7,13.1,32.5,14.7,12.6,11.2,8.47,11.3,24.8,26.7,20.3,25.5,39.5,9.09,8.52,7.11,8.78,15.5
"Lymphocytes/154Sm_CD3+/CD8+ T cells/Q1: CD45RA- , CCR7+ | Freq. of Parent",43.4,39.4,25,12.2,11.2,20.2,21,17.7,16.9,9.74,16.6,15.7,16.9,13.8,15,26.9,29.2,25.9,26.4,11.7,40.9,24,32.2,33.7,33.4,20.3,31.4,18.5,17.1,12.3,15.7,15.6,13.5,11.7,16.3,18.5,15.4,14.8,14.8,12.4,14.1,14.9,12.8,13.1,11.3,16.2,14.2,14.3,14.5,12.8
"Lymphocytes/154Sm_CD3+/CD8+ T cells/Q1: CD45RA- , CCR7+/GMCSF+ | Freq. of Parent",9.84,9.58,7.89,4.03,17.8,12.6,9.68,15.2,12.4,23.5,16.5,13.9,10.6,7.25,21.9,4.8,5.13,5.23,4.5,11.6,14.2,10.3,18.7,16,30.9,4.92,10.8,5.06,2.66,10.2,16.3,10.9,15.3,23.3,27.1,10.1,8.1,9.37,4.09,9.31,5.15,4.99,5.68,7.25,6.88,6.51,6.74,2.75,13.3,19
"Lymphocytes/154Sm_CD3+/CD8+ T cells/Q1: CD45RA- , CCR7+/IFNg+ | Freq. of Parent",38.7,48.8,43.2,27.5,47.7,55.2,55,58.7,57.9,61.9,51.2,53.5,50.4,36.5,57,22.7,23.3,19.6,18.6,39.5,48.7,41.5,59.9,65.8,63.3,30.1,51.9,40,37.8,53.9,41.5,49.1,52.6,58.4,54.8,33.7,38.8,40.6,31.5,35.8,37.8,37.8,38.7,47.3,58.4,29.7,41.3,32.2,49.2,52.9
"Lymphocytes/154Sm_CD3+/CD8+ T cells/Q1: CD45RA- , CCR7+/IL2+ | Freq. of Parent",21.6,33.7,38.6,28.2,52.5,35.5,33.1,41.7,44.8,49,31.9,36.1,26.1,26.4,43.2,17.1,16.1,13.3,12.5,31,34.2,30,48.4,57.8,58.1,18.5,37,24,25.1,48.5,37.1,38.3,42.1,53.9,52.6,24.7,24.4,29.4,23.7,33,14.5,14.9,20.3,25.7,21,20.8,27.5,20.1,41.9,49.4
"Lymphocytes/154Sm_CD3+/CD8+ T cells/Q1: CD45RA- , CCR7+/IL4+ | Freq. of Parent",3.87,4.18,1.83,0.67,4.29,1.66,1.64,1.6,2.07,2.77,1.77,1.68,1.3,1.87,2.8,1.15,0.87,0.53,0.76,1.96,0.71,4.58,1,1.51,2.03,2.49,0.76,2.95,4.35,4.99,0.49,0.67,0.66,0.88,1,1.35,1.3,1.81,1.35,3.12,0.7,0.36,0.67,1.43,1.75,0.47,0.45,0.32,1.77,1.75
"Lymphocytes/154Sm_CD3+/CD8+ T cells/Q1: CD45RA- , CCR7+/IL10+ | Freq. of Parent",0.044,0.15,0,0,0,0.31,0.35,0.36,0.37,0.39,0.42,0.56,0.33,0.22,0.051,0.14,0.13,0.067,0.095,0.17,0.16,0.17,0.28,0.25,0.12,0.05,0.091,0.11,0.093,0,0.14,0.29,0.26,0.084,0.37,0.13,0.095,0.13,0.1,0.041,0.3,0.14,0.15,0.12,0.27,0.072,0.2,0.054,0.17,0.13
"Lymphocytes/154Sm_CD3+/CD8+ T cells/Q1: CD45RA- , CCR7+/IL17+ | Freq. of Parent",0.27,0.28,0.044,0,0.083,0.6,0.51,0.37,0.62,0.64,0.24,0.35,0.24,0.11,0.71,0.29,0.31,0.14,0.31,0.84,0.23,0.66,0.39,2.3,0.6,0.12,0.48,0.25,0.28,0.48,0.33,0.35,0.66,0.88,1.17,0.24,0.27,0.2,0.16,0.49,0.3,0.26,0.12,0.33,0.55,0.18,0.28,0.11,0.43,0.26
"Lymphocytes/154Sm_CD3+/CD8+ T cells/Q1: CD45RA- , CCR7+/MIP1b+ | Freq. of Parent",32.8,26.8,12.5,5.37,27.3,52.1,48.9,52.3,51.4,61.6,29.9,12.6,11.9,13.1,27,16,15.2,11.2,16.7,30.8,36.1,28.2,39.9,53.1,58.4,19.5,31.1,19,18,34.9,28.8,25.9,28.9,53.8,51.6,20.7,20.9,26.8,18.4,30.2,56.6,55.9,33.2,41.5,70.6,17.8,23.3,10.6,29.7,35.2
"Lymphocytes/154Sm_CD3+/CD8+ T cells/Q1: CD45RA- , CCR7+/TNFa+ | Freq. of Parent",42.4,39.5,27.1,14.1,52.4,54.1,48.5,55.6,55.4,66.3,39.5,37.6,32.1,19.5,46.9,25.3,25.1,19.3,20.1,46.7,36,34.4,43.7,54.7,60.1,21.5,29.2,21.7,20.4,40.9,25.3,23.4,27.1,44.6,42.8,30.2,31.7,35.1,20,35.4,37.1,36.7,31.1,40.1,57.7,21.3,25.8,13.2,34.1,34.9
"Lymphocytes/154Sm_CD3+/CD8+ T cells/Q2: CD45RA+ , CCR7+ | Freq. of Parent",11.2,7.98,8.86,4.43,4.65,40.6,37.3,38.8,34.6,17,54.1,57.6,59.2,54.5,33.3,31.5,35.3,34.3,27.6,8.23,36.7,53.5,50.5,44.2,35,47.3,52.3,56.8,55.8,34.8,66.9,67,69,70.3,50,62,67,69.4,68.6,64.1,61.3,61.5,65.2,59.6,44.8,65.7,72.2,72.1,68,55.6
"Lymphocytes/154Sm_CD3+/CD8+ T cells/Q2: CD45RA+ , CCR7+/GMCSF+ | Freq. of Parent",2.56,2.49,0,0,2.4,2.25,1.73,1.99,1.52,8,4.12,3.5,3.39,1.14,5.66,0.95,0.89,0.67,1.14,4.62,3.5,2.06,2.64,1.85,6.24,2.15,1.18,1.43,0.64,1.17,1.69,1.2,1.23,1.56,4.3,1.14,0.76,0.77,0.46,0.62,0.92,1.63,1.21,1.58,2.4,0.54,0.8,0.38,0.98,2.08
"Lymphocytes/154Sm_CD3+/CD8+ T cells/Q2: CD45RA+ , CCR7+/IFNg+ | Freq. of Parent",17.9,19.4,5.17,3.7,14,9.92,9.45,8.39,7.96,20.5,12.1,11.1,9.41,5.23,15.1,5.7,4.86,3.74,5.51,21.8,12.3,13,9.02,10.1,16.4,12.7,7.15,11,6.95,11.1,5.1,5.39,4.64,5.98,10.2,3.79,2.74,2.94,2.24,2.31,6.17,7.49,5.92,7.74,13.4,3.42,3.76,2.51,4.81,7.22
"Lymphocytes/154Sm_CD3+/CD8+ T cells/Q2: CD45RA+ , CCR7+/IL2+ | Freq. of Parent",5.3,8.69,6.16,5.56,9.78,7.9,7.37,8.25,8.11,13,7.14,7.71,5.67,4.37,10.8,3.04,2.55,1.72,2.63,6.29,6.89,7.96,6.7,8.07,12.3,4.24,4.88,4.36,3.44,6.78,4.35,3.84,3.93,4.66,8.05,4.77,3.84,4.64,3.45,5.1,2.97,3.86,2.97,4.58,6.36,1.78,2.61,1.21,4.11,5.53
"Lymphocytes/154Sm_CD3+/CD8+ T cells/Q2: CD45RA+ , CCR7+/IL4+ | Freq. of Parent",0.68,0.6,0,0,0.2,0.096,0.11,0.13,0.073,0.18,0.092,0.056,0.043,0.028,0.069,0.031,0.031,5.60E-03,0.036,0,0.049,0.051,0.072,0.048,0.13,0.092,0.018,0.11,0.066,0,0.057,0.012,0.022,0.042,0.13,0.019,0.026,0.024,0.034,0.04,0.015,0.015,0.017,0.018,0.027,0.018,4.97E-03,5.36E-03,0.028,0.03
"Lymphocytes/154Sm_CD3+/CD8+ T cells/Q2: CD45RA+ , CCR7+/IL10+ | Freq. of Parent",0.51,0.91,0,0,0,0.25,0.25,0.19,0.16,1.29,0.19,0.17,0.1,0.083,0.046,0.17,0.11,0.034,0.091,0.16,0.86,0.26,0.9,0.88,1.29,0.27,0.33,0.24,0.057,0,0.61,0.6,0.49,0.14,0.89,0.11,0.044,0.048,0.022,0.056,0.25,0.42,0.28,0.38,0.64,0.089,0.094,0.054,0.074,0.34
"Lymphocytes/154Sm_CD3+/CD8+ T cells/Q2: CD45RA+ , CCR7+/IL17+ | Freq. of Parent",0.085,0.15,0,0,0,0.068,0.11,0.045,0.061,0.25,0.028,8.02E-03,0.017,0,0.046,0.055,0.11,0.022,0.082,0.48,0.097,0.12,0.032,0.14,0.11,0.021,0.027,0.046,0.085,0,0.045,0.019,0.017,0.084,0.23,0,0,4.77E-03,0,0,0.015,0.044,0.011,0.036,0.082,0,4.97E-03,5.36E-03,0.018,0.24
"Lymphocytes/154Sm_CD3+/CD8+ T cells/Q2: CD45RA+ , CCR7+/MIP1b+ | Freq. of Parent",17.8,14.9,2.59,3.7,11.6,13.3,11.7,10.9,9.64,22.3,12.6,6.15,4.97,3.84,11.2,6.14,5.18,3.5,6.34,22.1,13.9,9.99,10.4,11.4,20.2,9.96,6.06,6.99,4.17,9.13,6.24,4.96,4.31,8.24,11.9,3.31,2.29,3.05,1.7,2.48,11.4,14.5,7.2,10.8,24.7,2.92,3.46,1.61,4.2,5.41
"Lymphocytes/154Sm_CD3+/CD8+ T cells/Q2: CD45RA+ , CCR7+/TNFa+ | Freq. of Parent",15.4,14,2.71,5.56,12.2,9.2,8.02,7.9,7.07,20.7,8.26,7.25,5.76,2.73,11.7,5.31,4.69,3.41,5.4,20.6,7.61,7.46,6.02,6.38,13.4,6.69,3.33,4.77,2.79,6.78,3.14,2.65,2.31,3.6,7.45,2.74,2.1,2.36,1.3,2.16,4.36,5.29,3.48,4.78,11,2.28,2.55,1.25,3.48,4.42
"Lymphocytes/154Sm_CD3+/CD8+ T cells/Q3: CD45RA+ , CCR7- | Freq. of Parent",18.5,22.3,11.5,10.3,26.5,18.3,17.8,19.8,23.1,42.2,18.3,15.4,13.8,16.3,32.3,20.5,16.5,17.8,23.5,46.9,6.85,14.7,5.56,7.12,12,24.4,5.08,17.8,19.6,41.5,11,10.2,9.83,9.28,20.6,10.7,8.43,7.9,7.2,12.4,9.03,8.6,8.11,9.89,21.7,6.14,4.31,3.36,5.49,15
"Lymphocytes/154Sm_CD3+/CD8+ T cells/Q3: CD45RA+ , CCR7-/GMCSF+ | Freq. of Parent",5.13,9.02,2.85,1.6,6.48,14.1,13.1,17,15.8,41.6,23.4,24.8,17.9,18.3,31.7,7.24,7.45,7.14,10.5,14.9,9.38,9.14,9.6,8.23,24.2,6.78,6.19,6.06,3.6,7.43,14.8,13.5,11.6,25.2,29.5,17.5,15.1,15.6,14.5,20.5,6.19,6.75,5.03,6.87,7.48,5.33,6.98,2.64,9.36,14.1
"Lymphocytes/154Sm_CD3+/CD8+ T cells/Q3: CD45RA+ , CCR7-/IFNg+ | Freq. of Parent",66.6,87.4,62,61.6,86.1,84,84.3,83.2,87.2,90.5,84.3,86.4,85.9,83.7,89.3,80.2,72.4,68,85.3,86.7,78.1,79.6,80.4,86.2,89.5,73.7,68,79.8,82.1,84.7,81.6,81.5,72.8,81.4,88.1,71.1,66.3,75.9,70.6,83,54.6,61.8,61.1,71,79.9,48.6,60.2,56.4,75,79.7
"Lymphocytes/154Sm_CD3+/CD8+ T cells/Q3: CD45RA+ , CCR7-/IL2+ | Freq. of Parent",2.07,3.73,2.18,3.2,4.62,5.75,4.59,5.38,6.61,9.86,10.9,12.9,11.2,16.3,15.1,2.57,2.8,1.92,3.81,5.51,8.25,5.38,10.5,15.1,17.1,2.98,9.65,2.9,4.12,7.92,5.23,3.76,4.06,12.2,11,4.29,3.59,3.98,4.47,6.27,3.02,2.28,2.31,3.95,2.64,3.04,6.98,3.91,10.7,11.1
"Lymphocytes/154Sm_CD3+/CD8+ T cells/Q3: CD45RA+ , CCR7-/IL4+ | Freq. of Parent",0.67,0.46,0.095,0,0.035,0.32,0.24,0.31,0.2,0.21,0.3,0.27,0.15,0.28,0.28,0.066,0.044,0.022,0.021,0.14,0.17,0.23,0.36,0.5,0.49,0.11,0,0.092,0.16,0,0.12,0.082,0.2,0.16,0.22,0.037,0.07,0.13,0,0.12,0.052,0.14,0,0,0.085,0,0.083,0.11,0.11,0
"Lymphocytes/154Sm_CD3+/CD8+ T cells/Q3: CD45RA+ , CCR7-/IL10+ | Freq. of Parent",0.052,0.081,0,0,0,0.17,0.16,0.058,0.22,0.2,0.11,0.03,0.037,0,0.047,0.13,0.13,0.065,0.064,0.14,0.78,0.07,0.44,0.69,0.45,0.055,0.37,0.018,0.081,0,0.43,0.41,0.43,0.21,0.51,0.075,0.17,0,0.11,0.082,0.1,0.35,0.14,0.32,0.48,0.095,0.25,0,0.68,0.11
"Lymphocytes/154Sm_CD3+/CD8+ T cells/Q3: CD45RA+ , CCR7-/IL17+ | Freq. of Parent",0.1,0.38,0,0,0.035,0.32,0.18,0.16,0.36,0.23,0.082,0.18,0.074,0,0.14,0.38,0.41,0.15,0.34,0.56,0.087,0.23,0.073,0.79,0.16,0.15,0.094,0.17,0.081,0.07,0.35,0.2,0.079,0.37,0.81,0.037,0.14,0.042,0,0.29,0.1,0.1,0,0.054,0.26,0.095,0.17,0.11,0.11,0.11
"Lymphocytes/154Sm_CD3+/CD8+ T cells/Q3: CD45RA+ , CCR7-/MIP1b+ | Freq. of Parent",76.8,83.3,54.6,49.6,77.4,87.8,86.1,85.7,87.2,90.8,81.9,54.5,53.9,68.6,68.5,82.2,76.9,71.8,86,87.7,77.1,78.6,75.3,85.7,90.5,72.5,64.1,68.3,70.9,78.7,87.6,82.1,78.6,84.3,89.2,81.8,72.2,85.4,68.7,88.6,82.4,83.3,62.6,74.2,92.1,67.6,68.5,48.4,73.3,77.8
"Lymphocytes/154Sm_CD3+/CD8+ T cells/Q3: CD45RA+ , CCR7-/TNFa+ | Freq. of Parent",57.3,75.7,41.2,37.6,66.6,76.4,74.4,74.6,78.8,85.1,77.7,76.6,76.2,69.1,79.9,71.7,63.3,61.4,77.8,80.5,56.8,60.4,58.3,68.7,76.9,53.5,41.9,50.6,54.3,61.5,68,61.5,53.3,71,77.1,68.9,63,73.4,64,80,42.6,46,39.2,50.9,63.7,44.1,41.8,26.4,52.9,53.5
"Lymphocytes/154Sm_CD3+/CD8+ T cells/Q4: CD45RA- , CCR7- | Freq. of Parent",26.9,30.3,54.6,73.1,57.6,20.9,23.9,23.7,25.4,31,11,11.3,10.1,15.4,19.4,21.1,19,22,22.5,33.2,15.5,7.82,11.7,15,19.5,7.99,11.2,6.93,7.5,11.4,6.37,7.21,7.71,8.72,13.1,8.81,9.21,7.97,9.42,11.1,15.6,15,13.9,17.3,22.2,12,9.33,10.3,12,16.6
"Lymphocytes/154Sm_CD3+/CD8+ T cells/Q4: CD45RA- , CCR7-/GMCSF+ | Freq. of Parent",6.21,6.84,4.95,1.91,9.45,9.35,8.22,11.8,10.5,27,21.8,19.7,15.1,12.4,23.1,9.13,10.2,10.3,11.6,18.3,11.8,11.7,12.7,11.5,23.5,7.82,7.7,6.44,4.28,8.65,16.7,14.1,14.7,23.9,26,18,14.5,15.9,9.03,15.9,3.62,2.89,3.55,4.32,3.26,7.07,8.76,4.85,14,20
"Lymphocytes/154Sm_CD3+/CD8+ T cells/Q4: CD45RA- , CCR7-/IFNg+ | Freq. of Parent",45,69.5,61.5,61.2,80.2,70.7,73.8,75.8,78.1,81.6,74.7,75,71.2,73.3,81.4,67.9,62.7,60.7,72.1,74.5,71.8,49.8,70.7,82.2,78,43.3,58.8,48.5,57.4,67.4,63.1,68.8,62.8,66.7,65.9,62.8,61.8,65.4,66.7,78.7,32.8,39.6,38.4,49.4,64.7,32.4,44.2,40.4,59.1,63.6
"Lymphocytes/154Sm_CD3+/CD8+ T cells/Q4: CD45RA- , CCR7-/IL2+ | Freq. of Parent",6.75,9.27,18.3,21.7,17.4,13.1,11.8,16.9,18.6,20.3,23.4,22.3,18.6,28.8,28.4,8.59,8.18,7.84,9.61,13.3,19.7,15.6,24.2,35.3,35,11.3,21.1,12.3,14,26.2,20.8,23.3,21.7,35.6,29.3,18.7,17.2,20.8,25.5,30.8,3.08,2.85,3.69,4.91,4.51,7.9,9.65,7.94,17.2,25.1
"Lymphocytes/154Sm_CD3+/CD8+ T cells/Q4: CD45RA- , CCR7-/IL4+ | Freq. of Parent",2.04,1.79,0.88,0.56,1.05,1.55,1.39,1.6,1.84,1.45,1.27,1.43,0.81,0.88,0.79,0.45,0.53,0.37,0.64,0.2,1,4.86,0.8,1.79,0.88,3.11,0.89,3.08,4.85,2.54,0.54,0.58,0.45,0.9,0.73,1.49,1.18,1.91,1.71,2.02,0.24,0.28,0.13,0.12,0.3,0.34,0.15,0.38,0.57,0.4
"Lymphocytes/154Sm_CD3+/CD8+ T cells/Q4: CD45RA- , CCR7-/IL10+ | Freq. of Parent",0.18,0.24,0.04,0,0.081,0.59,0.67,0.68,0.46,0.44,0.5,0.65,0.65,0.59,0.59,0.25,0.26,0.14,0.18,0.099,0.23,0.53,0.17,0.42,0.15,0.38,0.17,0.57,0.56,0,0.47,0.98,0.65,0.45,0.65,0.36,0.45,0.46,0.24,0.14,0.03,0.3,0.16,0.15,0.17,0.2,0.38,0.56,0.052,0.3
"Lymphocytes/154Sm_CD3+/CD8+ T cells/Q4: CD45RA- , CCR7-/IL17+ | Freq. of Parent",0.14,0.26,0,0,0.016,0.39,0.35,0.33,0.58,0.25,0.18,0.2,0.2,0.2,0.24,0.37,0.67,0.17,0.58,0.65,0.35,0.48,0.24,1.98,0.58,0.29,0.68,0.19,0.49,0.51,1,0.87,0.4,1.58,1.06,0.27,0.32,0.17,0.49,0.46,0.3,0.14,0.19,0.4,0.3,0,0.31,0.26,0.26,0.4
"Lymphocytes/154Sm_CD3+/CD8+ T cells/Q4: CD45RA- , CCR7-/MIP1b+ | Freq. of Parent",52.3,63.3,38,22,58.8,77.2,77.1,78.2,78.6,82.8,66.1,35.3,33.2,45,52.5,65.6,61.6,55.5,70.7,74.5,69.8,51.2,67.5,81,80.8,43,50.8,38.5,45.4,55.5,66.6,66.7,62.8,73.9,70.7,63.9,52.7,62.2,53.1,77.3,71.5,75.4,49.8,61.7,84.6,41.3,51,36.4,58.9,56.9
"Lymphocytes/154Sm_CD3+/CD8+ T cells/Q4: CD45RA- , CCR7-/TNFa+ | Freq. of Parent",39.8,60.3,37.4,32.7,61.2,63.4,62.9,67.4,69.1,76.3,66.7,62.7,57.1,49.8,66,61.9,56.2,53.3,66.9,69.7,54,42,53.9,69.7,70.9,30.9,36,30.3,34.4,45.3,43.2,42,37.9,56.5,54.1,56.9,51.4,53.2,45.5,66.3,34,40.2,32.8,42.9,57.7,27.6,32.7,21,48.5,44.7
"Lymphocytes/154Sm_CD3+/CD8+ T cells/Q5: 141Pr_HLA_DR- , 156Gd_CD38+ | Freq. of Parent",5.87,5.92,1.57,1.07,1.5,7.24,6.42,5.95,5.91,8.79,8.2,7.82,9.01,3.85,4.03,5.11,5.88,5.21,4.5,3.15,8.7,13.1,11.5,9.48,9.72,9.84,9.85,13.8,10.6,3.23,13.8,18,18,16.6,17,11.3,13.3,14.1,10.8,7.82,18.4,16.7,22.6,20.7,12.2,12.8,17.5,18.2,12.7,9.08
"Lymphocytes/154Sm_CD3+/CD8+ T cells/Q6: 141Pr_HLA_DR+ , 156Gd_CD38+ | Freq. of Parent",4.87,5.89,1.11,0.82,1.74,1.52,1.46,1.21,1.21,2.18,1.03,1.05,0.88,0.55,0.9,1.39,1.37,1.03,1.23,1.51,4.05,1.21,3.67,3.78,4.38,1.04,2.23,1.04,0.9,0.55,4.03,4.41,4.42,3.03,7.24,1.03,1.02,0.83,0.78,0.82,2.64,3.2,3.15,4.26,6.36,1.94,2.51,2.3,1.02,1.36
"Lymphocytes/154Sm_CD3+/CD8+ T cells/Q7: 141Pr_HLA_DR+ , 156Gd_CD38- | Freq. of Parent",17.9,20.1,5.03,3.53,8.84,5.37,5.84,5.72,5.83,9.32,3.4,2.6,2.47,1.95,4.48,4.26,3.85,3.56,3.87,5.72,9.04,3.32,8.28,10.5,12.8,2.57,5.84,2.42,1.99,1.95,4.27,3.35,3.26,3.08,7.82,1.25,1.14,1.17,0.95,1.42,4.78,4.9,4.07,5.09,11.6,1.4,1.83,1.4,1.93,3.03
"Lymphocytes/154Sm_CD3+/CD8+ T cells/Q8: 141Pr_HLA_DR- , 156Gd_CD38- | Freq. of Parent",71.4,68.1,92.3,94.6,87.9,85.9,86.3,87.1,87.1,79.7,87.4,88.5,87.7,93.7,90.6,89.2,88.9,90.2,90.4,89.6,78.2,82.4,76.5,76.2,73.1,86.6,82.1,82.8,86.5,94.3,77.9,74.3,74.3,77.3,67.9,86.4,84.6,83.9,87.5,89.9,74.2,75.2,70.2,69.9,69.8,83.8,78.2,78.1,84.4,86.5
Lymphocytes/154Sm_CD3+/CD8+ T cells/TNFa+ | Freq. of Parent,41.4,51.8,32.2,29.7,59.4,41.9,41.5,43.7,47.6,69.6,32.6,28.9,25.1,23.1,49.5,36.2,30.1,28.8,40.1,68,29.8,24.4,26.7,36.6,47.9,23.1,17.1,17.8,18.3,38.1,16.3,14.7,13.4,19.3,33.7,19.7,16.3,16.9,12.8,23.1,17,18.7,14,20.6,38.1,11,10.4,5.84,16,22.3
Lymphocytes/154Sm_CD3+/CD8+ T cells/GMCSF+_ or IFNg+_ or IL2+_ or IL4+_ or IL10+_ or IL17+_ or MIP1b+_ or TNF+_ | Freq. of Parent,-9.60E-03,-6.03E-03,-0.011,-0.082,-9.29E-03,-1.85E-03,-1.73E-03,-1.92E-03,-4.21E-03,-1.88E-03,-4.99E-03,-4.62E-03,-5.10E-03,-0.015,-7.62E-03,-1.92E-03,-1.81E-03,-1.92E-03,-2.51E-03,-6.56E-03,-5.95E-03,-3.43E-03,-4.05E-03,-7.06E-03,-4.92E-03,-3.36E-03,-4.76E-03,-3.28E-03,-5.27E-03,-0.029,-4.26E-03,-4.16E-03,-3.87E-03,-4.91E-03,-3.54E-03,-3.97E-03,-2.94E-03,-3.31E-03,-7.66E-03,-5.09E-03,-4.70E-03,-2.98E-03,-3.74E-03,-5.35E-03,-6.15E-03,-5.84E-03,-3.58E-03,-3.86E-03,-6.27E-03,-8.31E-03
Lymphocytes/154Sm_CD3+/CD8+ T cells/IFNg+_ & IL2+_ & TNF+_ | Freq. of Parent,-9.60E-03,-6.03E-03,-0.011,-0.082,-9.29E-03,-1.85E-03,-1.73E-03,-1.92E-03,-4.21E-03,-1.88E-03,-4.99E-03,-4.62E-03,-5.10E-03,-0.015,-7.62E-03,-1.92E-03,-1.81E-03,-1.92E-03,-2.51E-03,-6.56E-03,-5.95E-03,-3.43E-03,-4.05E-03,-7.06E-03,-4.92E-03,-3.36E-03,-4.76E-03,-3.28E-03,-5.27E-03,-0.029,-4.26E-03,-4.16E-03,-3.87E-03,-4.91E-03,-3.54E-03,-3.97E-03,-2.94E-03,-3.31E-03,-7.66E-03,-5.09E-03,-4.70E-03,-2.98E-03,-3.74E-03,-5.35E-03,-6.15E-03,-5.84E-03,-3.58E-03,-3.86E-03,-6.27E-03,-8.31E-03
Lymphocytes/154Sm_CD3+/CD8+ T cells/IFNg+_ & TNF+_ | Freq. of Parent,-9.60E-03,-6.03E-03,-0.011,-0.082,-9.29E-03,-1.85E-03,-1.73E-03,-1.92E-03,-4.21E-03,-1.88E-03,-4.99E-03,-4.62E-03,-5.10E-03,-0.015,-7.62E-03,-1.92E-03,-1.81E-03,-1.92E-03,-2.51E-03,-6.56E-03,-5.95E-03,-3.43E-03,-4.05E-03,-7.06E-03,-4.92E-03,-3.36E-03,-4.76E-03,-3.28E-03,-5.27E-03,-0.029,-4.26E-03,-4.16E-03,-3.87E-03,-4.91E-03,-3.54E-03,-3.97E-03,-2.94E-03,-3.31E-03,-7.66E-03,-5.09E-03,-4.70E-03,-2.98E-03,-3.74E-03,-5.35E-03,-6.15E-03,-5.84E-03,-3.58E-03,-3.86E-03,-6.27E-03,-8.31E-03
Lymphocytes/154Sm_CD3+/gdT cells | Freq. of Parent,8.39,10.1,1.07,0.29,1.95,17.7,17.5,17.4,18.4,18,11.5,11.1,10.9,5.54,5.72,9.26,9.34,6.64,7.12,7.31,14.4,9.86,14.4,16.5,14.7,4.68,8.29,4.69,3.57,1.81,9.36,8.61,8.46,9.12,10.7,6.75,6.6,7.31,2.51,2.18,10.2,9.22,8.64,9.84,10.2,3.3,3.91,3.05,4.78,2.44
Lymphocytes/154Sm_CD3+/gdT cells/CD21+ | Freq. of Parent,7.57,3.5,1,0,1.37,5.72,4.53,3.4,3.21,6.62,3.32,2.87,2.99,1.63,2.1,6.72,5.79,5.4,5.56,6.73,4.76,3.47,6.12,3.59,4.94,5.34,3.62,4.11,2.91,3.23,16.2,12,12,4.56,9.33,4.66,3.75,3.28,2.99,3.28,4.47,5.56,6.3,5.79,4.15,3.76,3.49,3.11,2.79,3.09
Lymphocytes/154Sm_CD3+/gdT cells/CD107a+ | Freq. of Parent,37.3,38.5,28.7,17.3,36.9,38,40.2,38.9,40.3,46.2,43.3,46.9,49.1,48.5,46.4,25.9,25.4,26.5,36.7,34.9,35.2,23.5,31.7,34.7,37.6,35.8,30.8,30.3,35.5,42.8,35.5,42.2,36.8,39.7,47.8,18.8,17.7,17.1,28.5,24.5,16.3,21.3,19.2,25,31.4,30,40.4,36.2,42.5,43.2
Lymphocytes/154Sm_CD3+/gdT cells/GMCSF+ | Freq. of Parent,8.68,11.3,5.11,1.02,10.3,23,22.3,26.8,24.1,42,38.3,39.5,35.7,37.9,47.1,7.43,8.64,8.6,11.3,16.2,24.3,18.9,24.7,25,37.3,14.6,15,12,8.61,18.8,19.5,19,19.8,27.4,36.5,15,14.6,11.6,14.9,20.3,10.9,11.9,12.5,14.9,15.6,14.8,19.5,13.8,25.5,38.5
Lymphocytes/154Sm_CD3+/gdT cells/Granzyme+ | Freq. of Parent,52,46.3,34.4,45.9,37.8,44.7,44.3,42.4,46.2,43.5,28.6,22.4,24.3,28.6,21.1,40.5,35.1,45.4,54.5,64.3,32.9,18.6,27,27.4,24.5,26.3,35.3,20,23.7,32.8,50.5,42.5,44.3,23,33.7,27.9,23.6,20.9,28,28.5,30.5,33.7,33.7,35.2,41.3,43.4,30.7,31.1,31.8,24.1
Lymphocytes/154Sm_CD3+/gdT cells/IFNg+ | Freq. of Parent,48,64.8,51.1,26.5,64.3,61.1,64.8,66.4,69.6,68.8,67,67.7,69.4,65.7,68,38.8,37.2,37.2,50.6,62.8,54.7,44.4,50.4,62.1,61,47.5,46.4,46.6,53,68.9,52.9,62.4,57.3,60.6,65.2,29.8,30.4,26.5,40.8,44.8,28.3,33.9,34.1,39.5,51.8,34.3,47.9,44.4,52.9,58.9
Lymphocytes/154Sm_CD3+/gdT cells/IL2+ | Freq. of Parent,17.2,26.8,9.1,6.12,11.3,23.1,20.1,24.1,25.5,27.3,17.9,20.8,17,23.8,29,11,10.8,7.67,8.86,12.4,16.2,26.3,25.2,36,39.2,14.2,13.6,19.3,19,26.7,19.4,20.8,18.8,38,37.2,15.5,14.7,16.5,19.9,26.7,10.1,11.6,9.28,12.3,14.8,6.33,12.2,10.7,21.7,28.5
Lymphocytes/154Sm_CD3+/gdT cells/IL4+ | Freq. of Parent,3.41,4.33,0.37,0,0.24,1.58,1.42,1.33,1.53,1.56,1.03,0.97,0.83,0.59,1.35,0.49,0.63,0.29,0.52,0.4,0.94,3.22,1.5,2.37,2.36,1.52,0.75,2.29,2.34,0.59,0.9,0.9,0.86,1.5,2.13,0.92,0.81,1.02,0.51,1.84,0.87,0.66,0.56,0.8,1.16,0.17,0.47,0.28,0.42,0.76
Lymphocytes/154Sm_CD3+/gdT cells/IL10+ | Freq. of Parent,1.13,1.23,0,0,0,1.19,1.01,0.86,1.06,1.18,0.51,0.39,0.24,0.5,0.26,0.54,0.43,0.3,0.55,0.58,1.62,1.13,1.9,2.06,1.79,0.84,0.67,0.67,0.68,0.29,1.89,2.32,1.72,1.53,3.59,0.32,0.35,0.2,0.21,0.29,0.57,0.91,0.7,0.99,0.99,0.2,0.41,0.36,0.45,1.21
Lymphocytes/154Sm_CD3+/gdT cells/IL17+ | Freq. of Parent,3.01,3.17,0.5,0,0.38,3.54,3.07,2.61,4.29,3.08,0.74,0.9,0.53,1.54,1.33,2.86,3.4,1.84,3.78,5,1.92,4.01,2.35,8.07,3.55,1.98,2.17,2.84,4.42,5.57,1.99,2.79,2.1,4.44,5.28,1.2,1.36,1.08,2.21,3.4,1.33,1.26,1.04,1.78,2.24,0.93,1.78,1.77,3.63,2.51
Lymphocytes/154Sm_CD3+/gdT cells/MIP1b+ | Freq. of Parent,49.2,57.6,50.2,29.6,62.1,59.3,62.4,61.6,63.3,65.7,57.4,34.3,34.6,50.6,46.3,41.5,39.3,42.4,55.4,65.8,54.2,33.5,46.5,51.9,53.9,44.5,41.2,34.4,40.7,64.5,53.8,59.1,57.4,50.5,58,28,26.1,25,35.9,41.5,39.8,46.4,37.5,43.3,60.7,33.8,43.6,31.1,45.7,50
Lymphocytes/154Sm_CD3+/gdT cells/Perforin+ | Freq. of Parent,64.3,58.8,39.2,54.1,46.5,60.3,62.1,55.3,58.1,65.9,53.8,52.7,54,48.4,53.3,45.8,39.5,47.9,58.9,71.5,53,30.5,43,40,40.9,43.4,56.2,35.2,41.5,48.4,61.7,59.8,57.8,34.2,52.6,32.8,30.1,25.6,35.4,36.3,39.1,46.2,47.3,47.3,50.4,50.7,43.6,43.2,44.1,45.9
Lymphocytes/154Sm_CD3+/gdT cells/TNFa+ | Freq. of Parent,52.3,66.9,35.7,15.3,50.3,68.6,68.5,71.9,75.1,77.2,64.6,60.6,61.8,58.3,64.5,45.3,42.9,42.1,52.4,66.1,54.2,55.3,55.3,67,69.9,44.5,40.8,45,45.3,58.1,52,56.3,54.4,66.2,71.2,40.2,38.7,37.4,43.5,59.3,35.6,39.3,35.8,42.5,59.3,32.8,44.8,36,49.6,55.2
Lymphocytes/154Sm_CD3+/NKT cells | Freq. of Parent,3.74,3.08,0.85,0.12,0.84,11.1,12,11.3,10.4,14.5,8.25,8.21,8.87,3.05,6.34,5.08,4.92,5.04,5.15,7.02,1.85,4.34,1.96,1.07,1.67,7.02,1.39,5.56,3.86,3.07,6.37,6.42,6.41,3.81,6.42,3.91,3.9,3.26,1.97,1.49,2.5,3.75,3.08,2.81,2.68,1.97,2.18,2.47,2.92,3.32
Lymphocytes/154Sm_CD3+/NKT cells/CD21+ | Freq. of Parent,52.1,24.9,9.49,14.6,6.04,7.86,6.45,5.31,4.61,7.61,22.7,16,16.5,11.8,19.2,9.14,8.78,6.75,7.77,7.86,32.4,18.4,39.1,28.8,25.4,20.7,31.1,15.8,10.3,8.49,34.6,23.4,25.5,13.1,24,15.1,12.8,12,4.98,6.99,32.6,38.7,36.7,36.5,31.2,8.44,7.44,4.12,3.79,4.51
Lymphocytes/154Sm_CD3+/NKT cells/CD107a+ | Freq. of Parent,45,43.2,26.9,22,38.4,42,43.3,38.7,41.8,50.4,40,38.9,42,47.4,45.6,42.3,36.7,33.2,45.3,45,36,35.6,39.9,42.5,46.1,34,32.4,34.1,39.4,41.2,41.2,46.9,40.8,46.9,56.3,29.5,27.2,29.6,37.6,36.3,22.5,29.5,25.3,32.4,37.6,27.5,36.8,30.9,39.4,41.8
Lymphocytes/154Sm_CD3+/NKT cells/GMCSF+ | Freq. of Parent,6.3,14.1,13.2,9.76,23.4,22.1,21.7,25.5,22.7,47.4,35.2,36.3,35.1,35.1,39,10.3,10.6,10.3,13.4,20.8,32,19.3,37.1,32.1,49.3,15.6,23.6,15.8,11.6,19.9,21.4,22.7,23.3,36.5,42.7,25.6,25.9,24.1,24.6,36.7,18.4,27.6,25.1,34.2,34.1,13.6,20.5,13.1,21.9,37.1
Lymphocytes/154Sm_CD3+/NKT cells/Granzyme+ | Freq. of Parent,87.4,69.1,49.3,39,41,49.7,45.2,46.4,49.8,40.8,57.1,42.4,42.7,40.6,40,67.4,63.4,63,62,53.2,58.5,51.2,61.7,59.1,52.2,53.8,61.6,44.4,47.7,33.8,65.7,49.3,53.8,40.3,45.4,70.9,64.4,63.7,51.3,48.9,64.3,72.2,60.9,62.3,68.9,34.5,25.5,16.2,15.9,14.3
Lymphocytes/154Sm_CD3+/NKT cells/IFNg+ | Freq. of Parent,26.5,61.3,38.1,24.4,64,70.1,72.8,73.7,76.7,81.3,52.1,56,55.4,55.3,52.5,59.7,52.5,46.5,61.7,68,56.3,49,55.1,61.7,67.7,40.7,39,44.3,57.6,66.2,54.4,65.2,57.6,70.5,68.9,54.4,51.9,58.5,64.6,68.5,32.1,35.6,37.2,48.4,52.8,30.8,38.6,35.5,51.7,60.6
Lymphocytes/154Sm_CD3+/NKT cells/IL2+ | Freq. of Parent,1.76,5.7,6.53,2.44,7.58,6.09,5.15,5.87,6.46,9.5,8.84,9.92,8.45,11.4,11.3,2.74,2.99,1.95,2.59,5.28,11,6.13,16.1,18.3,22.6,3.97,9.61,5.88,4.39,9.53,5.71,6.53,5.87,10.1,12.9,4.04,4.48,5.22,5.38,6.95,4.95,6.84,6.46,8.77,8.37,3.27,5.81,4.29,8.22,14.6
Lymphocytes/154Sm_CD3+/NKT cells/IL4+ | Freq. of Parent,0.82,1.18,0.62,0,0.33,0.51,0.57,0.41,0.68,0.41,0.42,0.53,0.3,0.33,0.6,0.18,0.14,0.11,0.33,0.62,0.98,0.88,1.37,2.87,2.13,0.41,1.06,0.54,0.52,0.69,0.39,0.28,0.27,0.55,1.07,0.14,0.19,0.26,0.13,0.34,1.06,0.86,1.12,0.69,0.48,0.15,0.037,0.1,0.26,0.4
Lymphocytes/154Sm_CD3+/NKT cells/IL10+ | Freq. of Parent,0.65,0.36,0,0,0.11,0.47,0.44,0.35,0.2,0.61,0.52,0.38,0.11,0.57,1.1,0.48,0.24,0.18,0.42,0.57,1.31,0.54,1.85,0.92,1.05,0.36,0.28,0.49,0.27,0,1.12,1.14,1.03,0.49,2.12,0.29,0.14,0.12,0.13,0.21,1.11,1.15,0.86,1.04,1.02,0.15,0.26,0.24,0.39,1.81
Lymphocytes/154Sm_CD3+/NKT cells/IL17+ | Freq. of Parent,0.94,1.95,0.31,0,0.55,1.5,1.46,1.38,2.03,1.18,0.44,0.5,0.25,0.82,0.35,1.56,1.79,0.74,1.78,1.87,0.92,1.11,1.07,2.3,1.61,0.32,0.5,0.61,0.8,1.39,0.99,1.16,0.97,1.35,2.42,0.76,0.76,0.54,0.85,1.68,0.74,0.56,0.74,1.13,1.79,0.59,0.7,0.48,0.9,1.94
Lymphocytes/154Sm_CD3+/NKT cells/MIP1b+ | Freq. of Parent,44.7,65.6,48.1,31.7,63.4,77.3,77,77.1,77.7,81.9,65.5,37.6,37.6,51.6,44.7,68.2,63.9,56.4,70,73.1,69.3,56.1,69.8,69.3,76.6,50.6,49,44.5,51.4,56.8,67.1,71.6,69.5,76.9,74.9,67.5,59.3,70.8,64.7,76.3,71.7,73,59.5,69.9,81,44.2,47.5,32.6,57.7,60.1
Lymphocytes/154Sm_CD3+/NKT cells/Perforin+ | Freq. of Parent,97.8,95.5,73.1,56.1,71.3,94.3,92.9,90.9,93.1,95.4,84.9,78.1,78.4,72.7,83,91.7,89.3,86.6,88.7,84.4,86.8,84.9,89.2,85.4,84.5,88.9,85.9,85.9,89.2,81.8,95.8,93.2,92.6,86,90.8,91.8,90.7,88.6,87.4,84.2,91.1,94.6,88.1,90.2,92.6,75,75.1,61.2,61.8,64.5
Lymphocytes/154Sm_CD3+/NKT cells/TNFa+ | Freq. of Parent,24.8,50.2,22.9,12.2,44.6,64.4,64.8,66.6,68.6,74.5,47.3,46.6,45.5,43.5,44.1,57.5,49.7,46.4,59.1,65,47,35.9,47,51.4,62.5,31.1,24.3,29.1,35.9,45.8,45.9,51.7,47.2,62.1,59.3,55.7,52.6,58.4,57.9,64.7,31.9,32.7,31.8,38.5,48.9,31,37.8,31.7,47.5,45.7
Lymphocytes/154Sm_CD3-/B cells | Freq. of Parent,34.7,31.4,12.7,9,20.3,49.4,52.3,46.3,48.4,66.8,20.4,21,16.4,15.8,25.3,33.3,31.1,27.9,25.6,34.3,51.5,25.2,57.1,53.7,56,26,45.4,29.6,29.1,19.1,59.7,60.7,59.3,54.3,53.8,32.5,34.1,29.2,27.8,45.9,25.4,27.7,28.1,26.5,33.9,35.1,41.5,38.3,36.6,56.1
Lymphocytes/154Sm_CD3-/B cells/CCR7+ | Freq. of Parent,66.7,70.4,9.07,0.93,8.44,75.8,69.5,59.4,57.4,72.6,82.4,78,81.1,45,62.3,39.5,45.4,42.9,37.9,27.8,67.9,83.6,71.9,52.1,71.6,85.6,62.9,84.1,73.8,58.4,70.3,68.8,65.8,54.9,64.5,59.9,49.4,47.3,33,28.3,76.9,81.2,78.9,77.5,69.3,48.4,57.8,50.4,43.7,33.6
Lymphocytes/154Sm_CD3-/B cells/CD20+ | Freq. of Parent,89.5,96.5,87.2,63.3,86.3,91.5,85.6,79.6,81.8,97.7,96.4,97.1,97.4,89.5,93.4,95.1,95.8,94.6,90.8,85.8,98.7,98.7,98.9,98.1,98.4,98.4,98.4,98.5,98.8,95.7,98.3,98.5,98.3,98.1,96.6,97.4,98,97.7,95.3,91.5,95.4,94.4,97.1,96.2,90.9,85.3,90.5,93.7,84.6,79.8
Lymphocytes/154Sm_CD3-/B cells/CD20+/CD27+ | Freq. of Parent,29.7,27.6,10.6,3.01,9.76,20.9,19.4,20.6,18.9,22.3,22,18.9,18.7,8.82,14.7,3.59,4.26,4.12,3.73,4.36,16,30.7,15.2,13.9,15,43.9,13.4,39.3,31.6,17.2,12.6,12.6,12.8,7.62,15.3,24.9,22.4,21.4,11.2,12.4,16.8,15.2,17,17.8,14.9,10.1,11,10.2,5.07,8.81
Lymphocytes/154Sm_CD3-/B cells/CD20+/CD27+/CCR7+ | Freq. of Parent,74.9,75.5,21.9,6.21,22.5,88.5,86.2,82.6,76,84.1,90.6,90.4,90.9,67.3,83.6,55.7,60.1,62,51.4,51.1,75.1,92.3,77.6,52.9,81.1,92.1,73.5,92.6,86.3,84.3,81.1,76.4,74.6,64.6,75.7,75.6,65,63.7,55.4,51.6,87.6,88.8,86.5,83.4,75.6,70.2,71.5,64.5,51.5,53.4
Lymphocytes/154Sm_CD3-/B cells/CD20+/CD27+/CD21+ | Freq. of Parent,93.1,93.3,72.7,52.4,74.8,95.6,96.2,96.2,96,96.8,93.7,92.9,92.1,86.4,90.7,89.7,88.5,83.6,84.5,82,85.7,93.7,86,83.8,88.9,95.6,85,94.8,94.4,88.1,89.2,86.6,86.6,92.4,93.1,90.5,90.8,90.8,88.9,86.7,88.4,87,88.4,87.9,88.5,88.8,90.2,89.2,89.2,90.2
Lymphocytes/154Sm_CD3-/B cells/CD20+/CD27+/CD25+ | Freq. of Parent,81.3,84.4,16.2,8.97,20.9,86.1,88.2,85.8,83.6,89,86.1,84.5,84,55.7,82.2,70.2,70.2,65.7,58.4,66.9,93.5,89,90.8,96.1,97.1,82.6,82.7,80.5,63.9,54.7,92.6,91.1,90.3,87.8,93.7,71,65.4,67.1,56.4,49.4,81.6,86.2,87.2,87.9,84.1,67.1,69.7,64.6,59.4,61.7
Lymphocytes/154Sm_CD3-/B cells/CD20+/CD27+/CD36+ | Freq. of Parent,18.1,30.8,21.7,20.7,6.08,4.28,4.9,11.9,27.5,8.66,10.6,11,18,28.9,10.2,11.3,16.6,9.17,19.2,12.1,14.6,6.15,7.49,17.2,4.54,7.04,8.22,8.3,30.5,31.5,14,25.3,19.4,0.56,2.43,11.4,7.75,12.5,32.3,7.77,15.1,8.84,19.4,32.5,18.4,14.9,16.7,24.2,21.3,2.81
Lymphocytes/154Sm_CD3-/B cells/CD20+/CD27+/CD38+ | Freq. of Parent,30.7,31.8,7.58,4.14,9.45,46.4,41.2,40.1,41.1,42,58.4,57.8,60,47,53.2,40.1,48,34.5,36.3,32.7,38,32.2,39.3,38.1,41.3,28.9,35.9,30.6,24.9,20.2,48.9,46.7,46.6,41.2,48.6,22.5,23.4,22.9,24.7,19.6,43.8,42.8,46.4,47.8,41.3,47.3,50.2,50.5,53.5,45
Lymphocytes/154Sm_CD3-/B cells/CD20+/CD27+/CD40+ | Freq. of Parent,93,95.2,16.3,8.97,21.4,97.8,97.3,97,97.1,97.4,86.2,87.1,87.6,68.5,81.5,88.3,89.5,87.6,81.7,82.7,95.9,97,96.8,94.7,94.7,91,87.4,91.8,84.9,53.3,95.3,96.2,95.1,93,95.2,75.5,79.3,75.9,56.7,49.8,94.8,94,95.6,95.4,92.7,42.6,59.9,59.6,52.7,48.3
Lymphocytes/154Sm_CD3-/B cells/CD20+/CD27+/CD45RA+ | Freq. of Parent,100,99.9,99.3,97.9,99.4,99.8,99.9,99.9,99.9,100,99.9,99.8,99.6,99.8,99.8,99,99.1,99.8,99.1,98.5,99.3,99.9,99.7,99.8,99.9,99.9,99.6,99.9,99.9,99,99.5,99.2,99.4,100,99.7,99.2,99.4,99.3,99.3,98.7,99.8,99.5,99.5,99.6,99.2,99.5,99.7,99.6,99.8,99.7
Lymphocytes/154Sm_CD3-/B cells/CD20+/CD27+/CD56+ | Freq. of Parent,0.19,0.72,0.39,0,0.4,0.35,0.33,0.76,0.16,0.45,2.4,2.65,3,1.34,1.65,1.52,0.75,0.66,0.95,0.74,0.97,0.58,1.24,0.29,0.96,1.73,0.59,1.19,0.54,0.35,1.26,1.6,1.11,0.28,1.09,0.51,0.76,0.53,0,0.83,1.33,1.3,1.36,1.31,1.5,0.34,0.89,0.82,0.58,0.75
Lymphocytes/154Sm_CD3-/B cells/CD20+/CD27+/CD69+ | Freq. of Parent,82.8,80.1,37.3,17.2,31.7,91.4,87.4,82,82.2,77.8,82.1,78.5,77.8,46.3,59.6,73.3,72.7,62.9,64,57.7,82.9,90.3,84.5,79.4,74.1,85,81.8,83,76.5,54.8,83.3,80.2,80.1,78.4,77.4,79.8,82.6,82.4,73.7,68.8,82.3,84,81.6,79.9,78.6,66.8,70.9,63.1,65.2,52.2
Lymphocytes/154Sm_CD3-/B cells/CD20+/CD27+/CD107a+ | Freq. of Parent,62.4,46.8,21.7,13.1,26.6,38.5,34.3,44.3,38.8,55.4,44.9,46.2,45,35.8,42.8,35.4,44.1,39.1,46.1,42.3,42.2,36.3,43.3,41.7,49,35.9,39.3,36.2,31.8,37.7,50.8,56,58.6,47.6,60.2,24.1,27.5,31.5,32,30.7,41.2,43.4,46.1,55.7,58.8,43.1,49.4,47.8,61,59.9
Lymphocytes/154Sm_CD3-/B cells/CD20+/CD27+/CTLA-4+ | Freq. of Parent,0.039,0.24,0,0,0,0.078,0.11,0.042,0,0.027,0.029,0.062,0,0,0,0,0.38,0,0,0.37,0.11,0.097,0.25,0.29,0.013,0.034,0,0.072,0,0,0.047,0.054,0.16,0,0.16,0.039,0.14,0.19,0,0.1,0.37,0.55,0.68,0.4,0.24,0,0,0.051,0.38,0.044
Lymphocytes/154Sm_CD3-/B cells/CD20+/CD27+/GMCSF+ | Freq. of Parent,2.66,3.37,1.38,0,1.24,5.99,6.08,6.31,7.87,3.17,6.83,6.75,6.6,2.46,5.01,4.57,4.33,4.15,1.89,1.84,5.29,7.97,4.93,4.38,4.54,7.88,4.37,7.54,6.67,6.23,8.87,6.36,6.58,3.36,7.38,4.16,3.14,3.98,1.85,2.4,3.29,4.54,4.44,3.18,3.39,5.27,6.32,5.43,4.62,3.3
Lymphocytes/154Sm_CD3-/B cells/CD20+/CD27+/GranzymeB+ | Freq. of Parent,1.54,1.08,0.69,0,1.24,0.7,0.7,0.8,0.55,1.06,3.24,2.8,2.64,1.57,1.43,0.68,1.51,0.87,0.63,0.37,1.4,1.01,1.51,0.61,1.49,2.29,1.15,1.33,0.8,0.52,1.52,1.3,1.19,0.28,0.96,0.9,1.1,0.62,0,0.52,1.49,2.17,1.74,1.82,1.98,0.75,0.4,0.46,0.58,0.92
Lymphocytes/154Sm_CD3-/B cells/CD20+/CD27+/IFNg+ | Freq. of Parent,0.65,0.92,0.59,2.76,1.29,1.4,1.44,1.47,0.79,1.11,1.48,1.91,2.14,1.57,1.46,1.52,1.69,0.66,0.63,1.84,1.73,2.03,1.94,2.36,1.47,1.42,0.78,1.36,0.83,0.69,1.78,2.15,1.67,0.98,2.29,0.67,0.69,0.67,0.67,0.73,1.33,1.7,1.29,2.22,1.86,0.34,1.11,0.77,1.54,2.15
Lymphocytes/154Sm_CD3-/B cells/CD20+/CD27+/IL2+ | Freq. of Parent,1.62,0.76,0.79,1.38,1.69,1.36,1.81,1.39,1.26,0.95,0.23,0.28,0.46,0.22,0.19,0.68,0.38,0.44,0.32,0.74,0.64,1.04,0.88,0.85,0.72,0.43,0.51,0.43,0.54,0.35,0.85,0.84,0.93,0.7,1.04,0.27,0.45,0.24,0.34,0.36,0.42,0.83,0.57,0.45,0.48,0.34,0.49,0.36,1.35,0.97
Lymphocytes/154Sm_CD3-/B cells/CD20+/CD27+/IL4+ | Freq. of Parent,0.39,0.64,0.098,0,0.18,0.47,0.52,0.34,0.31,0.041,0.12,0.031,0.091,0,0.031,0.51,0.38,0,0.32,0.74,0.55,0.8,0.3,0.96,0.15,0.22,0.29,0.45,0.31,0.35,0.36,0.65,0.61,0.28,1.25,0.24,0.21,0.096,0.17,0.052,0.74,0.83,0.83,0.4,0.21,0.068,0.045,0.26,0.19,0.044
Lymphocytes/154Sm_CD3-/B cells/CD20+/CD27+/IL10+ | Freq. of Parent,91,90.9,9.94,6.21,9.72,92.3,91.7,92.9,92.6,94,88.4,83.7,80.2,64.9,76.6,80.5,80.6,76,76.3,63.6,95.7,94.3,96.2,98,95.8,90.2,89.7,86.1,82.9,59.3,95.5,95.3,95.1,92.3,96.1,74,70.1,71.1,60.3,60.6,95.2,94.3,95,96.8,93.3,66,73.3,63.6,73.7,54
Lymphocytes/154Sm_CD3-/B cells/CD20+/CD27+/IL17+ | Freq. of Parent,0.27,0.24,0,0,0,0.58,0.15,0.34,0.16,0.055,0,0.062,0,0,0.031,0,0.19,0,0,0.37,0.44,0.51,0.33,1.01,0.16,0.21,0.2,0.13,0.23,0.35,0.26,0.3,0.24,0,0.45,0.12,0.14,0.14,0,0.1,0.16,0.16,0.15,0.25,0.18,0,0.13,0.1,0.19,0.13
Lymphocytes/154Sm_CD3-/B cells/CD20+/CD27+/MIP1b+ | Freq. of Parent,18.2,4.57,4.63,0.69,8.92,24.2,19.6,22.8,18.4,36.8,13.9,5.27,3.46,5.59,9.96,8.97,8.29,5.24,10.4,14,11.4,25.9,14.9,14.1,29,17.2,8.17,14.8,11.9,26,19.8,11.5,15.8,25.2,37.2,9.51,9.82,16.7,9.76,20.5,23,23.3,10.7,13.9,31.7,15.3,14.9,4.76,18.7,21.8
Lymphocytes/154Sm_CD3-/B cells/CD20+/CD27+/PD-1+ | Freq. of Parent,12.8,6.38,0.89,1.38,0.62,5.52,6.19,6.6,4.01,3.77,3.56,4.28,4.69,1.34,1.99,1.18,1.88,2.62,1.26,0.74,6.65,2.75,6.95,5.63,4.3,1.74,6.51,1.63,0.92,0.35,7.33,7.2,8.41,4.76,5.86,2.24,2.93,3.64,4.21,1.93,5.68,8.28,7.24,7.12,6.4,1.85,1.87,1.48,0.58,0.53
Lymphocytes/154Sm_CD3-/B cells/CD20+/CD27+/PD-L1+ | Freq. of Parent,7.74,3.09,0.3,0.69,0.36,6.65,5.34,3.07,1.97,2.57,1.74,2.03,2.64,0.67,0.56,1.02,1.32,0.66,1.26,0.74,3.4,5.5,3.45,3.75,2.42,3.13,3.68,3.47,2.8,1.38,4.69,4.35,5.46,2.52,3.14,1.45,1.31,1.82,1.85,1.56,3.08,4.73,3.37,3.74,5.02,1.16,1.6,1.08,0.38,1.05
Lymphocytes/154Sm_CD3-/B cells/CD20+/CD27+/Perforin+ | Freq. of Parent,3.85,4.73,1.28,0.69,5.81,6.18,6.89,5.67,4.8,18.4,12.9,14,15.4,7.61,21.7,5.75,3.95,2.4,5.99,2.94,7.72,6.85,7.29,9.88,13.2,6.94,5.54,5.93,4.69,3.29,8.49,8.48,6.5,9.94,16.9,2.59,2.96,2.73,2.69,4.43,4.56,5.09,4.59,5.91,6.19,1.85,2.14,1.64,2.31,7.69
Lymphocytes/154Sm_CD3-/B cells/CD20+/CD27+/TNFa+ | Freq. of Parent,20.7,10.9,7.87,3.45,16.2,43.6,39.6,43,40.4,59.9,48.4,42.1,32.5,25.3,47,24.2,27.5,21.2,29,26.8,29.9,44.7,31.6,32.1,45.8,35.9,21.8,30.7,22.1,34.8,29.4,22.5,23.4,44.8,46.1,27.8,26.4,29.6,17.5,37,36.1,35.4,27.9,28.2,45.3,31.9,27.7,17.7,37.7,33.1
Lymphocytes/154Sm_CD3-/B cells/CD20+/CD27- | Freq. of Parent,70.3,72.4,89.4,97,90.2,79.1,80.6,79.4,81.1,77.7,78,81.1,81.3,91.2,85.3,96.4,95.7,95.9,96.3,95.6,84,69.3,84.8,86.1,85,56.1,86.6,60.7,68.4,82.8,87.4,87.4,87.2,92.4,84.7,75.1,77.6,78.6,88.8,87.6,83.2,84.8,83,82.2,85.1,89.9,89,89.8,94.9,91.2
Lymphocytes/154Sm_CD3-/B cells/CD20+/CD27-/CCR7+ | Freq. of Parent,72.9,71.7,8.88,1.22,8.1,78.6,77.5,71.2,68,70.7,81.8,76.6,79.8,46.2,61.1,40,45.9,43.3,39.1,28.9,67.2,80.6,71.5,53,71,81.8,62.1,79.8,69,55,69.8,68.6,65.6,55.2,64.7,56,45.8,44,31.7,26.9,76.7,81.8,79,78.4,72.1,50.6,59.3,51.1,48.4,36.8
Lymphocytes/154Sm_CD3-/B cells/CD20+/CD27-/CD21+ | Freq. of Parent,88.8,93.2,57.1,31,54.9,95.9,96.4,94.3,95.6,95.8,93.7,92.5,91.1,80.8,85,93.7,92.9,86.8,85.4,84.1,91.3,91.2,92.3,90.7,91,89.2,90.1,89,89.7,75.6,97.1,98.1,97.1,98.1,97.2,88.7,88.9,89.4,85.1,83.6,93.7,93.1,94.9,94.1,93.9,90.2,91.6,89,91.5,85.8
Lymphocytes/154Sm_CD3-/B cells/CD20+/CD27-/CD25+ | Freq. of Parent,64.7,74.6,11.3,2.42,16.7,76,77.5,74.9,77.2,75.8,71.9,69.6,69.2,45.6,67.6,62.3,65.4,57.4,51.8,56.8,89.9,87.8,87.2,93.5,90.1,75.9,75.6,74.3,62.4,42.4,80.8,80.1,78.3,79.4,85.9,61.8,55.1,59.6,47.3,45.2,72.2,74.9,75.9,79.1,76,39.4,50,43.2,44.1,40.4
Lymphocytes/154Sm_CD3-/B cells/CD20+/CD27-/CD36+ | Freq. of Parent,16.7,30,21.3,18.1,5.27,4.08,4.32,13.1,25.8,8.47,9.35,9.52,17.5,27,10.4,8.13,15.3,10.4,18.6,11.8,15.2,5.91,7.47,17.2,4.22,6.74,7.68,8.84,29,27.9,12,23.7,19.4,0.57,2.08,10.8,7.87,12,29.4,6.59,14.8,7.73,18.8,33.2,17.8,12.4,17.3,20.9,22.7,2.02
Lymphocytes/154Sm_CD3-/B cells/CD20+/CD27-/CD38+ | Freq. of Parent,66.9,69.6,16.3,5.46,14.1,82.5,84.1,81.4,82.9,78.9,88.5,85.4,87.6,66.3,69.9,70,75.1,70.1,64.6,50.4,73.9,72.1,75.3,71.8,72.6,63.2,70.7,61.3,54.1,21.6,87.5,88.1,86.8,84.3,84.4,57.7,56.6,57,44.6,39.8,81.1,81.7,84.1,83.5,82.1,70,77.4,73.2,75.2,60.4
Lymphocytes/154Sm_CD3-/B cells/CD20+/CD27-/CD40+ | Freq. of Parent,94.1,96.1,13.6,2.21,16.1,98.5,98,96.6,98.2,96.4,90.2,90.4,90.6,66.7,80.9,94.6,96.2,93.2,89.2,87.1,97.4,96.8,98.1,96.8,93.9,92.8,92.1,91.1,87.5,44.9,98.3,98.9,98.2,96.8,97.2,83.1,83,80,59.4,51.6,94.8,95.3,96.9,96.5,95.4,47.5,65.9,60,58.3,46.2
Lymphocytes/154Sm_CD3-/B cells/CD20+/CD27-/CD45RA+ | Freq. of Parent,99.6,99.5,94.6,83.9,93.2,99.6,99.4,99.4,99.6,99.5,99,98.5,98.7,97.8,97.3,97,97,96.5,95.4,95.8,97.1,99,98.9,98.8,98.5,98.8,98.7,98.3,98.7,99.1,98.9,98.8,99.2,99.6,99.4,97.6,97.1,97.5,97.1,98.6,98.7,97.8,98.3,99.1,99.4,98.3,98.2,96.5,98.6,99.1
Lymphocytes/154Sm_CD3-/B cells/CD20+/CD27-/CD56+ | Freq. of Parent,0.49,0.54,0.36,0,0.22,0.23,0.12,0.22,0.055,0.36,2.19,2.08,2.65,0.87,1.28,0.52,0.44,0.27,1.08,0.6,0.67,0.67,0.92,0.33,0.59,1.22,0.4,1.38,0.58,0.11,1,1.09,0.89,0.27,1.15,0.53,0.56,0.5,0.3,0.24,0.86,1.48,1.17,1.13,1.1,0.14,0.27,0.22,0.31,0.4
Lymphocytes/154Sm_CD3-/B cells/CD20+/CD27-/CD69+ | Freq. of Parent,64.3,75.6,17.8,4.13,11.8,82.6,83.3,76.8,79,68,77.4,73.1,69.7,32,44.2,67,70.6,56.7,49,36.1,81.3,86.5,84,80.7,68.6,82.9,77.7,80.4,73.6,35.9,85.5,84.2,84.2,77,76.2,72.7,73.2,74.5,59.5,47.4,78.8,80.2,82.2,83.8,76.5,51.4,59.8,54.8,57.7,36.9
Lymphocytes/154Sm_CD3-/B cells/CD20+/CD27-/CD107a+ | Freq. of Parent,36,27,10.9,5.5,15.4,13.6,11,17.6,18.2,24.8,20.8,21.6,20.8,20.9,26.9,27.6,33.2,25,30.1,30.5,15.5,18.2,16.3,18.5,21.8,23.6,13.8,24.1,24.3,26.3,21.1,25.4,25,22.7,35.4,16.2,15.9,21.9,21,21.3,16.7,17.7,15,27.2,30.9,18.6,26.3,21,39.5,33.9
Lymphocytes/154Sm_CD3-/B cells/CD20+/CD27-/CTLA-4+ | Freq. of Parent,0.049,0.046,0,0,0,0.01,0,0.011,0.018,7.86E-03,0,7.19E-03,0.01,0,5.37E-03,0.019,0,0,0,0.017,0.014,0.043,0.011,0.043,0,0,7.54E-03,0,0,0,3.42E-03,0.016,0.016,0,0.029,0,0.02,0,0,0,0.021,0.035,0.016,0.011,0.01,0,0.044,0.017,0,0
Lymphocytes/154Sm_CD3-/B cells/CD20+/CD27-/GMCSF+ | Freq. of Parent,0.99,1.38,0.53,0.11,0.51,2.28,1.99,2.16,2.65,1.32,2.21,1.95,2.53,1.21,1.59,0.9,1.04,0.7,0.66,0.67,1.18,2.04,1.24,1.64,1.3,2.15,1.12,2.36,2.74,1.91,1.02,0.97,0.86,0.27,1.68,1.06,0.8,1.19,1.12,0.61,0.7,1.02,1.01,1.3,1.34,1,1.19,1.28,1.42,0.99
Lymphocytes/154Sm_CD3-/B cells/CD20+/CD27-/GranzymeB+ | Freq. of Parent,1.74,0.9,0.86,0.3,1.4,0.53,0.41,0.48,0.15,1.05,2.8,2.52,3.19,1.02,1.65,0.55,0.61,0.4,0.6,0.42,1.21,1.22,1.4,0.74,1.24,1.48,0.92,1.44,0.87,0.22,1.35,1.03,0.87,0.28,1.05,0.79,0.79,0.69,0.4,0.38,1.45,2.24,1.59,1.69,2.07,0.32,0.49,0.32,0.46,0.53
Lymphocytes/154Sm_CD3-/B cells/CD20+/CD27-/IFNg+ | Freq. of Parent,0.28,0.43,0.62,0.34,1.2,0.47,0.24,0.35,0.22,0.56,1.18,1.19,1.73,0.71,0.97,0.23,0.17,0.17,0.24,0.49,0.58,0.95,0.79,0.88,0.98,0.63,0.31,0.91,0.59,0.25,0.59,0.83,0.65,0.29,1.28,0.35,0.36,0.37,0.13,0.33,0.56,0.93,0.83,0.98,1.33,0.11,0.26,0.17,0.3,0.91
Lymphocytes/154Sm_CD3-/B cells/CD20+/CD27-/IL2+ | Freq. of Parent,0.16,0.046,0.14,0.13,0.2,0.16,0.15,0.15,0.17,0.2,0.016,0.029,0.042,0.043,0.027,0.025,0.042,0.019,0.049,0.22,0.047,0.13,0.059,0.12,0.1,0.11,0.079,0.093,0.066,0.11,0.024,0.035,0.031,0.046,0.15,0.078,0.02,0.026,0.021,0.03,0,0.028,0.039,0.011,0.089,0.085,0.055,0.029,0.1,0.19
Lymphocytes/154Sm_CD3-/B cells/CD20+/CD27-/IL4+ | Freq. of Parent,0.2,0.17,0.082,0.043,0.11,0.082,0.18,0.14,0.2,0.035,0.024,0.043,0.063,0.087,5.37E-03,0.094,0.059,0.028,0.12,0.23,0.16,0.25,0.12,0.3,0.085,0.17,0.075,0.2,0.15,0.36,0.082,0.094,0.07,0.058,0.64,0,0.07,0.065,0,0.03,0.38,0.18,0.2,0.2,0.1,0.062,0.044,0.023,0.041,0.017
Lymphocytes/154Sm_CD3-/B cells/CD20+/CD27-/IL10+ | Freq. of Parent,76.2,83.1,4.88,1.56,5.96,83,83.7,81.6,84,81,82.3,75,72.6,47.5,64.2,76.7,76.8,66.4,64.3,49.1,90.8,93.1,92,95.1,87.3,86.3,83.5,82.2,81,41.7,90.1,89.1,88.1,91.3,90.8,73.6,67.3,71.1,51.7,52.8,90.2,87.7,87.6,92.4,86.3,50.2,59.3,45.4,63.1,38.6
Lymphocytes/154Sm_CD3-/B cells/CD20+/CD27-/IL17+ | Freq. of Parent,0.081,0.046,0,0,4.80E-03,0.092,8.86E-03,0.044,0.037,0.028,8.14E-03,0,0.01,0.043,0.016,0.082,0.042,0.019,0.16,0.15,0.084,0.26,0.064,0.28,0.054,0.013,0.03,0.07,0.11,0.14,0.021,0.016,0.031,0.012,0.12,0.013,9.94E-03,0.013,0,0.03,0.032,0.021,0.023,0.044,0.042,0,0,5.82E-03,0.031,0.14
Lymphocytes/154Sm_CD3-/B cells/CD20+/CD27-/MIP1b+ | Freq. of Parent,16.4,5.39,4.43,0.99,8.39,25.7,19.5,24.3,24,37.1,10.3,2.96,2.68,3.07,8.15,9.18,9.48,5.32,15,20.1,9.31,19.5,11,16.5,31.2,18.1,6.54,15.6,12.6,22.8,17.6,9.93,12.5,21.9,35.4,12.6,10.9,20.3,13.8,28.9,16.2,15.4,5.51,10.3,26.7,10.7,10,2.75,20.3,18.4
Lymphocytes/154Sm_CD3-/B cells/CD20+/CD27-/PD-1+ | Freq. of Parent,2.15,1.44,0.16,0.064,0.15,0.69,0.94,0.99,0.64,0.63,0.6,0.65,0.71,0.5,0.21,0.11,0.39,0.12,0.24,0.27,1.58,0.83,1.43,1.43,1.04,1.39,1.24,1.01,0.49,0.32,0.69,0.5,0.7,0.47,0.6,0.46,0.33,0.44,0.42,0.34,1.44,1.43,1.48,1.85,1.28,0.24,0.26,0.18,0.25,0.2
Lymphocytes/154Sm_CD3-/B cells/CD20+/CD27-/PD-L1+ | Freq. of Parent,1.95,0.78,0.11,0.064,0.067,1.56,1.37,0.75,0.74,1.16,0.46,0.45,0.55,0.52,0.28,0.8,0.78,0.43,1.25,0.64,0.74,1.41,0.66,1.04,0.7,1.55,0.84,1.3,1.27,0.68,0.73,0.41,0.65,0.29,0.66,0.86,0.43,0.42,0.93,0.38,0.94,1.11,0.58,1.13,1.33,0.23,0.35,0.2,0.41,0.2
Lymphocytes/154Sm_CD3-/B cells/CD20+/CD27-/Perforin+ | Freq. of Parent,3.12,2.68,1.67,0.66,3.17,1.96,2.1,1.95,1.54,7.81,8.15,8.09,9.68,3.49,11.6,1.77,1.49,1.06,1.6,2.23,3.32,3.9,3.31,3.55,6.13,4.39,2.33,4.59,3.17,1.94,2.72,2.52,1.93,1.59,5.9,1.93,1.92,1.85,1.29,2.02,2.34,3.38,2.44,3.35,3.64,0.82,1.34,0.9,1.12,3.91
Lymphocytes/154Sm_CD3-/B cells/CD20+/CD27-/TNFa+ | Freq. of Parent,6.99,4.21,2.74,1.09,6.37,15.2,13.7,17.9,17.1,25.9,17,15.4,11.4,7.79,18,4.19,6.09,4.48,5.53,6.57,10.5,14.4,11.7,14.1,15.4,16.4,7.52,12.8,9.57,15.3,5.53,3.99,4.58,9.1,11.7,15.6,13.8,14.9,7.52,18.7,7.75,9.47,7.18,10.4,12.7,8.68,7.73,5.11,13.5,11.1
Lymphocytes/154Sm_CD3-/B cells/CD20-/Plasmablasts | Freq. of Grandparent,0.36,0.32,0.17,0.039,0.13,0.74,0.58,0.52,0.3,0.41,0.77,0.53,0.82,0.58,0.59,0.27,0.28,0.44,0.3,0.29,0.36,0.45,0.3,0.35,0.23,0.59,0.37,0.56,0.29,0.17,0.49,0.64,0.69,0.72,0.75,0.44,0.44,0.47,0.32,0.33,1.19,1.32,1.05,1.11,1.13,1.19,1,0.63,0.63,0.85
Lymphocytes/154Sm_CD3-/B cells/CD20-/Plasmablasts/CCR7+ | Freq. of Parent,17.1,16.7,0,0,2.86,34,38.9,13.3,16,19.6,61.9,57,51.5,33.3,54.7,17.4,24.3,30.8,35.7,28.6,22.5,29,20.7,7.37,19.8,25,25.4,22.5,0,0,9.52,8.9,4.33,1.45,6.28,13,17.2,4.26,5.56,8.93,34.3,39.1,24,20.3,24.8,31.7,35.7,18.6,9.21,18.1
Lymphocytes/154Sm_CD3-/B cells/CD20-/Plasmablasts/CD21+ | Freq. of Parent,54.3,56.7,10.5,0,17.1,80,82.1,78.7,68,70.3,77,75.3,74.7,84.8,85.6,63,75.7,71.2,75,61.9,65.1,66.1,60.7,71.6,63.8,61.3,55.3,66.2,46.9,33.3,48.8,50.8,44.2,46.4,48.2,41.3,41.4,36.2,38.9,48.2,50.7,60.1,49.1,52.3,72.3,74.8,69.6,54.3,52.6,61.2
Lymphocytes/154Sm_CD3-/B cells/CD20-/Plasmablasts/CD25+ | Freq. of Parent,82.9,86.7,26.3,0,40,95,95.8,85.3,92,88.4,93.7,96.8,84.8,84.8,89.9,87,83.8,78.8,78.6,85.7,92.2,96.8,93.3,95.8,82.8,98.8,91.2,93.8,93.8,83.3,97.6,96.3,97.6,95.7,94.2,87,84.5,80.9,66.7,75,93.6,96.1,92.2,96.1,91.7,81.2,83.7,85.3,84.2,81.5
Lymphocytes/154Sm_CD3-/B cells/CD20-/Plasmablasts/CD36+ | Freq. of Parent,25.7,30,36.8,0,14.3,6,9.47,17.3,36,18.1,12.7,9.68,13.1,39.4,11.5,8.7,16.2,19.2,21.4,14.3,18.6,9.68,17,23.2,7.76,16.2,12.3,23.8,43.8,50,32.1,47.6,28.4,17.4,19.9,10.9,12.1,17,27.8,14.3,26.4,17.6,32.3,36.7,24.5,20.8,16.3,29.5,35.5,4.71
Lymphocytes/154Sm_CD3-/B cells/CD20-/Plasmablasts/CD40+ | Freq. of Parent,48.6,40,5.26,0,5.71,82,74.7,49.3,44,65.2,55.6,52.7,54.5,54.5,66.9,65.2,64.9,57.7,71.4,47.6,62,51.6,56.3,64.2,54.3,26.2,48.2,26.2,6.25,0,37.5,29.8,30.8,20.3,29.8,23.9,27.6,23.4,27.8,25,55,67.8,50.9,53.9,73,30.7,35.2,25.6,22.4,31.9
Lymphocytes/154Sm_CD3-/B cells/CD20-/Plasmablasts/CD45RA+ | Freq. of Parent,100,93.3,89.5,100,94.3,97,97.9,97.3,96,98.6,96.8,100,100,100,100,100,97.3,94.2,96.4,90.5,98.4,100,99.3,100,97.4,98.8,100,98.8,100,100,98.2,99.5,98.6,98.6,98.4,97.8,100,97.9,94.4,100,98.6,98.3,97.6,98.4,99.3,99.5,99.6,96.9,100,99.3
Lymphocytes/154Sm_CD3-/B cells/CD20-/Plasmablasts/CD56+ | Freq. of Parent,0,3.33,0,0,2.86,4,7.37,32,16,5.8,7.14,3.23,6.06,6.06,6.47,0,8.11,3.85,3.57,0,3.88,0,8.89,2.11,14.7,1.25,2.63,2.5,0,0,0,2.62,2.4,2.9,8.9,2.17,6.9,2.13,0,0,1.43,2.58,3.59,2.34,3.96,0.5,0.88,0.78,3.95,5.07
Lymphocytes/154Sm_CD3-/B cells/CD20-/Plasmablasts/CD69+ | Freq. of Parent,51.4,43.3,21.1,0,14.3,77,73.7,72,64,58.7,69.8,61.3,61.6,48.5,58.3,60.9,56.8,48.1,57.1,47.6,51.2,61.3,51.1,57.9,54.3,51.2,62.3,33.8,28.1,33.3,36.9,37.2,27.4,30.4,47.6,32.6,51.7,34,55.6,41.1,39.3,48.5,36.5,35.9,54,43.6,47.6,30.2,47.4,46
Lymphocytes/154Sm_CD3-/B cells/CD20-/Plasmablasts/CD107a+ | Freq. of Parent,62.9,53.3,26.3,0,20,53,49.5,61.3,56,74.6,62.7,64.5,54.5,45.5,64,37,56.8,32.7,35.7,33.3,58.1,61.3,57.8,58.9,69.8,46.2,59.6,42.5,43.8,66.7,39.3,40.8,33.2,52.2,47.6,41.3,48.3,46.8,38.9,62.5,48.6,59.2,43.7,48.4,61.2,58.9,62.1,46.5,61.8,66.3
Lymphocytes/154Sm_CD3-/B cells/CD20-/Plasmablasts/CTLA-4+ | Freq. of Parent,0,0,0,0,2.86,1,0,0,0,0,0.79,0,0,0,0,0,0,0,0,0,0.78,0,1.48,3.16,0,0,0,0,0,0,0,0,0,0,1.57,0,0,0,0,0,2.86,3.86,1.8,3.91,1.8,0,0,0,0,0
Lymphocytes/154Sm_CD3-/B cells/CD20-/Plasmablasts/GMCSF+ | Freq. of Parent,0,6.67,0,0,8.57,20,11.6,36,20,9.42,13.5,8.6,10.1,6.06,10.8,2.17,13.5,5.77,7.14,0,3.1,3.23,11.9,5.26,16.4,3.75,7.89,2.5,3.12,0,4.17,1.57,2.4,2.9,9.42,0,6.9,10.6,0,0,6.43,11.6,7.78,2.34,9.35,4.95,7.49,5.43,3.95,8.7
Lymphocytes/154Sm_CD3-/B cells/CD20-/Plasmablasts/GranzymeB+ | Freq. of Parent,0,6.67,5.26,0,0,2,6.32,9.33,8,2.9,6.35,5.38,6.06,6.06,5.76,0,8.11,3.85,0,0,3.1,1.61,3.7,2.11,5.17,0,0.88,0,0,0,0.6,2.09,2.4,2.9,5.24,2.17,3.45,2.13,0,3.57,3.57,5.15,4.79,4.69,6.83,0.99,0.44,0,0,2.9
Lymphocytes/154Sm_CD3-/B cells/CD20-/Plasmablasts/IFNg+ | Freq. of Parent,0,3.33,0,0,5.71,7,6.32,30.7,8,5.07,4.76,3.23,3.03,0,5.76,0,8.11,3.85,0,0,4.65,0,10.4,9.47,19,1.25,2.63,1.25,0,0,1.19,2.62,2.88,2.9,8.9,0,3.45,2.13,0,1.79,1.43,1.72,3.59,3.91,4.32,0.99,0,0.78,2.63,5.07
Lymphocytes/154Sm_CD3-/B cells/CD20-/Plasmablasts/IL2+ | Freq. of Parent,5.71,10,0,0,2.86,10,11.6,2.67,4,2.9,1.59,1.08,2.02,0,2.16,0,0,1.92,0,0,6.98,3.23,6.67,3.16,5.17,1.25,2.63,3.75,0,0,3.57,7.33,1.92,2.9,3.14,8.7,0,4.26,5.56,1.79,8.57,4.72,4.79,3.12,1.8,2.48,0,0.78,2.63,3.26
Lymphocytes/154Sm_CD3-/B cells/CD20-/Plasmablasts/IL4+ | Freq. of Parent,0,0,0,0,0,1,2.11,2.67,0,0,0,0,1.01,0,0,0,0,0,0,0,0.78,0,2.22,3.16,0.86,0,0.88,0,0,0,0,0,0.48,0,0.52,0,1.72,2.13,0,1.79,2.86,1.29,2.4,2.34,0.72,0,0.88,0,1.32,0.72
Lymphocytes/154Sm_CD3-/B cells/CD20-/Plasmablasts/IL10+ | Freq. of Parent,68.6,66.7,5.26,0,2.86,81,81.1,58.7,68,72.5,72.2,63.4,61.6,57.6,67.6,80.4,62.2,67.3,85.7,47.6,72.1,66.1,71.9,84.2,62.1,46.2,71.1,47.5,37.5,16.7,63.7,58.6,56.7,47.8,61.3,54.3,48.3,40.4,44.4,53.6,70,70.8,62.3,64.8,79.5,56.9,60.4,40.3,52.6,42.4
Lymphocytes/154Sm_CD3-/B cells/CD20-/Plasmablasts/IL17+ | Freq. of Parent,0,0,0,0,0,2,1.05,1.33,0,0,0,0,0,0,0,0,0,0,0,0,0.78,1.61,0.74,4.21,0.86,1.25,0,0,0,0,0.6,0.52,0,0,1.05,0,0,2.13,0,0,0.71,0,0.6,0,0.72,0,0,0,0,0
Lymphocytes/154Sm_CD3-/B cells/CD20-/Plasmablasts/MIP1b+ | Freq. of Parent,25.7,10,0,0,22.9,48,53.7,61.3,44,65.9,31.7,9.68,16.2,6.06,26.6,13,16.2,7.69,25,28.6,31,17.7,32.6,30.5,56.9,20,22.8,11.2,3.12,0,27.4,17.3,15.4,39.1,37.2,21.7,20.7,23.4,22.2,55.4,47.1,51.9,30.5,28.1,52.2,34.2,24.2,10.1,47.4,49.6
Lymphocytes/154Sm_CD3-/B cells/CD20-/Plasmablasts/PD-1+ | Freq. of Parent,20,20,0,0,0,32,29.5,24,8,12.3,21.4,25.8,22.2,18.2,13.7,8.7,32.4,9.62,7.14,4.76,23.3,16.1,23,24.2,15.5,2.5,25.4,5,3.12,0,5.95,7.33,5.29,7.25,8.38,10.9,5.17,6.38,0,10.7,16.4,24,13.8,9.38,16.9,9.41,7.93,3.1,2.63,2.54
Lymphocytes/154Sm_CD3-/B cells/CD20-/Plasmablasts/PD-L1+ | Freq. of Parent,11.4,3.33,0,0,0,17,14.7,2.67,0,2.9,6.35,8.6,15.2,6.06,5.76,4.35,2.7,1.92,7.14,0,14,11.3,5.93,5.26,6.03,5,10.5,3.75,3.12,0,5.36,3.66,1.44,1.45,3.66,2.17,1.72,4.26,0,1.79,7.14,12.4,5.99,1.56,9.35,2.48,2.64,0,1.32,3.26
Lymphocytes/154Sm_CD3-/B cells/CD20-/Plasmablasts/Perforin+ | Freq. of Parent,2.86,10,5.26,0,2.86,10,12.6,25.3,8,18.8,21.4,22.6,19.2,9.09,32.4,6.52,5.41,9.62,3.57,23.8,16.3,12.9,20,15.8,20.7,6.25,5.26,3.75,9.38,0,20.2,23,17.8,10.1,25.1,4.35,6.9,2.13,5.56,7.14,15,8.58,9.58,12.5,15.1,2.97,2.2,0.78,5.26,10.1
Lymphocytes/154Sm_CD3-/B cells/CD20-/Plasmablasts/TNFa+ | Freq. of Parent,11.4,0,0,0,11.4,30,15.8,22.7,12,24.6,28.6,16.1,19.2,12.1,38.8,10.9,10.8,11.5,17.9,0,3.88,11.3,8.15,10.5,21.6,5,7.02,2.5,0,0,2.98,2.62,1.92,2.9,9.95,2.17,5.17,8.51,0,10.7,7.14,14.2,3.59,4.69,26.3,22.8,16.7,7.75,13.2,25.7
Lymphocytes/154Sm_CD3-/B cells/CD21+ | Freq. of Parent,76.6,87.3,43.5,16,42.1,87.3,82.5,74.5,77.3,92.2,90.5,88.6,86.9,72.2,78,88.7,87.6,80.1,77.9,71.7,87.9,89.2,89,87.3,87.2,89.3,86.8,88.3,88,66.9,93.7,94.4,92.8,95,93.1,85.2,85.3,85.2,78.3,74.2,89.3,88.6,91.1,89.7,89,84.9,86.7,83.5,86,78
Lymphocytes/154Sm_CD3-/B cells/CD25+ | Freq. of Parent,65.5,75.8,11.8,2.33,17.8,76.1,73,67.6,68.9,78.8,75.2,72.5,72.3,47.6,70.6,63.1,66.1,58.7,53.6,58,90.4,88.1,87.7,93.5,90.8,78.8,76.7,76.8,63,45,82.3,81.6,80,79.9,87,64.5,57.8,61.5,48.3,46.5,74.2,77.2,77.9,80.8,78,44.3,53.7,46.1,46.2,44.4
Lymphocytes/154Sm_CD3-/B cells/CD36+ | Freq. of Parent,21,30.9,21.9,18.1,5.32,7.66,12.4,25.4,36,8.71,9.77,10,17.6,28,10.4,8.4,15.6,10.6,19.1,12.1,15.2,6.04,7.53,17.4,4.32,6.98,7.82,8.69,29.5,28.9,12.4,24.1,19.5,0.73,2.36,11.1,7.91,12.1,30,6.78,15.2,8.11,19.1,33.2,18,13.1,17.3,21.7,23.2,2.13
Lymphocytes/154Sm_CD3-/B cells/CD38+ | Freq. of Parent,53.2,58.2,14.6,4.13,12.7,72.6,70.2,64.3,66.9,70.3,81.3,79.7,82.1,62.7,66.3,67.6,73.1,67.4,62,46.5,68.1,59.9,69.7,66.8,67.8,48.5,66,49.6,45.1,21.9,82.6,82.9,81.7,81,78.9,49.1,49.3,49.8,42,36.3,74.6,75.1,77.6,76.9,74.8,67.1,74,70.2,73.2,56.7
Lymphocytes/154Sm_CD3-/B cells/CD40+ | Freq. of Parent,85.4,93.1,12.3,1.84,14.9,93.5,87.2,80.3,83,96,88,88.5,89.1,64.3,79.6,93.2,95.1,91.9,87.7,83.7,96.7,96.4,97.4,95.7,93.2,91.1,90.8,90.5,85.9,45.4,97,97.6,96.8,95.1,95.1,80.1,81.2,78.1,57.3,49.3,93.5,93.9,95.5,94.8,93.3,44.6,63.1,58.1,55.1,43.2
Lymphocytes/154Sm_CD3-/B cells/CD45RA+ | Freq. of Parent,91.3,97.1,90,79.8,93,95.1,88.8,83.6,85.1,99.4,99,98.6,98.8,97,97.7,96.7,96.7,96.2,94.6,95.7,97.4,99.2,99,98.8,98.6,99.3,98.7,98.8,99,98.6,98.9,98.8,99.2,99.6,99.4,97.9,97.5,97.8,97.1,98.4,98.8,97.9,98.4,99,99.2,98.4,98.2,96.7,98.4,99
Lymphocytes/154Sm_CD3-/B cells/CD56+ | Freq. of Parent,0.47,0.65,0.56,0,0.34,0.3,0.28,0.67,0.13,0.47,2.52,2.37,2.88,1.09,1.44,0.62,0.56,0.37,1.44,0.88,0.78,0.71,1.1,0.42,0.98,1.55,0.48,1.52,0.65,0.17,1.18,1.22,1,0.59,1.63,0.56,0.64,0.54,0.29,0.32,1.24,1.6,1.33,1.38,1.52,0.25,0.39,0.32,0.4,0.57
Lymphocytes/154Sm_CD3-/B cells/CD69+ | Freq. of Parent,64,74.9,18.2,3.47,12.9,80.6,74.8,64.1,66.7,69.9,77.8,73.5,70.9,31.7,45.7,66,70,56.1,48.4,35.5,81.3,87.3,83.9,80.1,69.3,83.5,77.9,80.9,74.2,38.9,84.6,83.1,83,76.4,75.6,73.8,74.8,75.5,59.9,48.2,78.7,80,81.2,81.9,75.7,51.3,60.1,54.5,56.5,36.6
Lymphocytes/154Sm_CD3-/B cells/CD107a+ | Freq. of Parent,48.5,33.8,14.3,5.56,16.9,23.4,23.4,34.7,33.7,32.5,27.3,27.1,26.2,24.1,30.4,28.3,34.4,26.6,31.9,31.6,20.2,24.2,20.8,22.2,26.3,29.4,17.8,29.1,26.8,29.1,25.2,29.4,29.5,25,39.5,18.8,19.2,24.6,22.9,23.9,22.3,23.7,21.1,33.1,37.5,24.5,31.2,24.7,42,38.6
Lymphocytes/154Sm_CD3-/B cells/CTLA-4+ | Freq. of Parent,0.051,0.096,0,0,3.74E-03,0.074,0.067,0.096,0.049,0.015,0.012,0.023,8.29E-03,0,8.55E-03,0.029,0.015,0,0.011,0.041,0.034,0.066,0.052,0.098,3.93E-03,0.015,6.42E-03,0.028,0,0,0.015,0.02,0.04,0,0.059,9.53E-03,0.045,0.04,0,0.03,0.12,0.19,0.16,0.15,0.085,5.90E-03,0.049,0.02,0.025,9.26E-03
Lymphocytes/154Sm_CD3-/B cells/GMCSF+ | Freq. of Parent,1.9,2.01,1.03,0.14,0.8,3.78,4.06,5.62,5.65,1.91,3.49,3.03,3.51,1.45,2.3,1.09,1.4,0.93,0.92,0.95,1.87,3.91,1.9,2.16,2.08,4.68,1.63,4.51,4.04,2.62,2.1,1.68,1.63,0.71,2.95,1.94,1.4,1.9,1.22,0.97,1.55,2.07,1.77,1.88,2.23,1.73,2.09,1.81,1.85,1.55
Lymphocytes/154Sm_CD3-/B cells/GranzymeB+ | Freq. of Parent,2.41,1.13,1.21,0.37,1.55,0.7,0.81,0.87,0.44,1.13,3.19,2.77,3.21,1.18,1.74,0.59,0.7,0.49,0.63,0.59,1.31,1.24,1.52,0.86,1.6,1.96,1.04,1.57,0.92,0.29,1.52,1.14,0.99,0.54,1.46,0.89,0.93,0.71,0.39,0.44,1.85,2.47,1.81,2.02,2.63,0.5,0.55,0.39,0.59,0.73
Lymphocytes/154Sm_CD3-/B cells/IFNg+ | Freq. of Parent,0.48,0.65,0.95,0.6,1.74,0.86,0.75,1.03,0.54,0.78,1.42,1.46,1.91,0.85,1.18,0.29,0.3,0.26,0.31,0.94,0.8,1.34,1.07,1.22,1.44,1.04,0.43,1.22,0.76,0.48,0.89,1.03,0.86,0.64,1.9,0.45,0.46,0.46,0.18,0.45,0.99,1.2,1.03,1.42,1.84,0.19,0.4,0.26,0.49,1.25
Lymphocytes/154Sm_CD3-/B cells/IL2+ | Freq. of Parent,0.61,0.31,0.27,0.16,0.46,0.78,0.65,0.54,0.55,0.42,0.1,0.12,0.16,0.11,0.11,0.069,0.077,0.068,0.064,0.44,0.18,0.46,0.21,0.29,0.26,0.27,0.17,0.29,0.24,0.26,0.17,0.18,0.17,0.23,0.4,0.18,0.13,0.12,0.072,0.12,0.24,0.31,0.21,0.18,0.32,0.21,0.17,0.13,0.29,0.51
Lymphocytes/154Sm_CD3-/B cells/IL4+ | Freq. of Parent,4.61,1.74,1.06,0.24,0.1,2.8,6.78,8.43,6.78,0.09,0.061,0.051,0.075,0.19,0.021,0.16,0.11,0.043,0.21,0.3,0.24,0.43,0.16,0.44,0.1,0.2,0.11,0.29,0.21,0.43,0.14,0.17,0.14,0.073,0.75,0.067,0.11,0.08,0.036,0.042,0.49,0.33,0.34,0.27,0.13,0.094,0.062,0.044,0.074,0.028
Lymphocytes/154Sm_CD3-/B cells/IL10+ | Freq. of Parent,77.5,83.9,5.24,1.43,5.95,84.3,82.2,79.9,80.9,83.9,83.2,76.2,73.9,48.9,65.7,76.6,76.8,66.7,64.7,49,91.3,93.1,92.4,95.1,88.1,87.5,84.2,83.2,81.1,44.4,90.4,89.5,88.6,90.6,90.7,73.4,67.8,70.7,52.3,53.1,90.4,88.3,88.3,92.3,87,51.7,61,47.2,63.7,39.8
Lymphocytes/154Sm_CD3-/B cells/IL17+ | Freq. of Parent,0.13,0.11,0,0,7.47E-03,0.2,0.061,0.13,0.061,0.042,6.13E-03,0.011,8.29E-03,0.11,0.034,0.087,0.085,0.026,0.28,0.21,0.15,0.34,0.11,0.41,0.073,0.1,0.051,0.09,0.16,0.31,0.065,0.054,0.067,0.031,0.19,0.038,0.045,0.08,0,0.036,0.077,0.045,0.056,0.11,0.081,0,0.013,0.015,0.041,0.16
Lymphocytes/154Sm_CD3-/B cells/MIP1b+ | Freq. of Parent,21.6,5.94,6.82,1.08,8.61,29.4,27.3,36.3,33.8,37.7,11.9,3.73,3.07,3.71,8.87,9.31,9.62,5.42,15.3,20.5,9.94,21.5,11.9,16.6,31.3,17.8,7.01,15.5,12.4,23.3,18.1,10.2,13.1,22.5,36,12.2,10.9,19.7,13.6,29,18.7,18.2,6.98,11.7,29.7,13.6,12,3.25,22,21.7
Lymphocytes/154Sm_CD3-/B cells/PD-1+ | Freq. of Parent,5.47,2.97,0.32,0.079,0.28,2.85,2.72,2.4,1.38,1.7,1.91,1.88,2.02,1.08,0.73,0.41,0.87,0.49,0.55,0.43,2.69,1.56,2.52,2.23,1.74,1.58,2.36,1.32,0.64,0.34,1.76,1.51,1.86,1.02,1.74,1.21,1.2,1.38,1.07,0.85,2.88,3.85,2.94,3.26,3.5,1.03,0.92,0.48,0.6,0.46
Lymphocytes/154Sm_CD3-/B cells/PD-L1+ | Freq. of Parent,5.89,1.74,0.14,0.066,0.16,6.19,5.39,2.42,2.77,1.66,1.07,1.02,1.28,0.94,0.53,1.06,1.2,0.72,2.07,1.02,1.31,2.82,1.19,1.53,1.04,2.33,1.37,2.21,1.79,1.03,1.42,1.01,1.35,0.53,1.17,1.18,0.71,0.92,1.29,0.64,1.71,2.38,1.28,1.8,2.83,0.66,0.84,0.41,0.78,0.48
Lymphocytes/154Sm_CD3-/B cells/Perforin+ | Freq. of Parent,5.08,3.56,2.22,0.78,3.73,3.51,4.24,4.19,3.12,10.5,9.72,9.66,11.1,4.2,13.5,1.98,1.78,1.25,1.83,2.6,4.18,4.98,4.14,4.66,7.67,5.64,2.91,5.38,3.79,2.2,3.89,3.59,2.86,2.74,8.47,2.25,2.27,2.13,1.5,2.49,3.4,4.06,3.12,4.3,4.93,1.18,1.57,1.08,1.44,4.54
Lymphocytes/154Sm_CD3-/B cells/TNFa+ | Freq. of Parent,11.1,6.04,3.9,1.08,7.21,22.6,20.8,29.1,26.5,33.6,23.9,20.3,15.4,9.04,22.4,4.94,7.15,5.3,6.83,7.51,13.6,23.6,14.7,16.7,20.2,24.8,9.45,19.6,13.5,18.5,8.59,6.28,6.99,11.8,17,18.3,16.5,17.9,8.46,20.5,12.4,13.5,10.6,13.4,18.2,11.4,10.4,6.42,14.9,13.6
Lymphocytes/154Sm_CD3-/CD16hi NK cells | Freq. of Grandparent,0.58,0.79,0.54,0.12,0.2,0.08,0.14,0.13,0.17,0.18,2.02,1.67,1.41,1.59,1.29,0.61,0.66,0.65,0.63,1.1,0.81,0.68,0.66,0.52,0.41,1.45,0.51,0.95,0.73,1.16,0.9,1.09,1.73,0.7,0.61,0.13,0.31,0.12,0.39,0.28,2.21,1.67,2.5,1.66,1.55,0.32,0.31,0.45,1.02,1.48
Lymphocytes/154Sm_CD3-/CD16hi NK cells/CD107a+ | Freq. of Parent,11.3,16,3.41,11.6,4.95,5,2.5,4.53,11.7,5.51,6.55,4.93,7.1,25.3,6.43,18.5,14,12.5,49.9,26.8,6.36,4.8,4.48,5.71,3.3,5.44,3.96,3.17,12.1,26.8,12.5,9.98,8.53,3.89,12.6,2.4,3,12.8,19.9,30.1,5.38,5.14,5.1,9.49,12,6.29,5.11,6.82,13.2,6.14
Lymphocytes/154Sm_CD3-/CD16hi NK cells/Granzyme+ | Freq. of Parent,96.7,96.5,55.2,34.1,51.5,93.1,93.6,90.5,67.5,79.4,92.3,86.5,89.5,74.3,71.1,49.5,69.5,68.5,33.2,24.7,95.5,93.2,94.5,94,88.4,89.2,89.8,81.5,77.1,52,93.8,90.7,91.4,87.2,89,94.7,90,85.3,79.5,56.5,97.3,94.5,96.5,97.7,94,77.1,76.8,60.2,25.5,22.2
Lymphocytes/154Sm_CD3-/CD16hi NK cells/IFNg+ | Freq. of Parent,3.69,11.3,1.7,2.17,2.27,2.5,2.5,0,3.9,2.26,2.58,1.84,1.71,5.16,2.24,3.59,2.78,1.94,2.81,4.66,2.63,2.96,3.36,4.1,3.2,0.75,0.99,1.25,1.04,1.39,8.1,7.04,3.15,2.64,8.62,0.48,0.32,2.29,2.39,3.67,2.49,2.81,2.33,2.59,6.06,1.22,1.64,1.57,6.21,6.14
Lymphocytes/154Sm_CD3-/CD16hi NK cells/IL2+ | Freq. of Parent,0,0.25,0.34,0,0.41,0,0.71,0.41,0,0,0.08,0.12,0.13,0.75,0.21,0.64,0.48,0.17,0.73,2.27,0.073,0.21,0.28,0.73,0.39,0.11,0.099,0.052,0.62,2.08,0.35,0.19,0.039,0.28,1.51,0,0,0.46,0,1.1,0.24,0.27,0.094,0,0.22,0,0.36,0.13,0.87,5.86
Lymphocytes/154Sm_CD3-/CD16hi NK cells/MIP1b+ | Freq. of Parent,20.1,17.9,4.43,4.35,3.71,19.4,13.2,3.7,7.79,8.77,20,8.43,5.47,10.9,8.01,16.3,18.9,12.7,9.56,11,19.9,19.5,11.9,6,7.96,7.11,7.03,4.42,2.28,4.39,30.2,17,17.9,7.09,13.5,8.17,4.9,10.1,5.32,7.52,33.6,23.9,17.1,18.8,15.6,16,8.39,5.11,9.01,6.77
Lymphocytes/154Sm_CD3-/CD16hi NK cells/Perforin+ | Freq. of Parent,99.6,99.9,93.1,83.3,90.7,96.9,99.6,97.9,71.4,92,99.7,99.4,99.5,93.5,97.6,57,76.6,74.4,46.2,36.3,99.7,99.4,99.6,98.8,98.8,99.7,99.6,99.7,97.6,80.4,99.2,100,99.6,99.4,98.4,99.5,98.9,92.7,96.8,74.7,99.8,99.4,99.7,99.8,97.6,97.2,97.6,74.4,35.4,56.1
Lymphocytes/154Sm_CD3-/CD16hi NK cells/TNF+ | Freq. of Parent,3.51,7.57,1.25,1.45,1.65,1.88,0.36,0.41,3.25,1.75,1.77,1.13,1.04,3.74,1.7,1.68,2.07,1.69,3.43,3.7,2.34,0.63,2.87,2.78,2.72,0.82,0.89,0.88,0.72,1.85,5.38,3.07,2.45,1.25,5.24,0.96,0.63,1.38,1.86,2.39,2.62,2.22,1.76,1.49,3.05,2.03,0.91,1.18,4.46,3.14
Lymphocytes/154Sm_CD3-/CD16lo NK cells | Freq. of Grandparent,12.1,14,5.88,1.16,5.17,2.83,2.73,2.59,2.47,4.11,26.6,25.7,28.7,20.8,24.5,3.41,3.39,3.46,4.28,4.26,12.2,11.6,11.3,9.79,10,14,10.3,10,10.3,12.3,11.7,11,10.3,5.96,7.72,7.87,7.53,7.1,4.42,3.79,19.5,17.2,18,19.1,21.5,4.76,4.33,4.12,4.72,6.45
Lymphocytes/154Sm_CD3-/CD16lo NK cells/CD107a+ | Freq. of Parent,33.9,35.9,19.2,26.6,30.9,49,45.5,43.2,43.5,49.1,35.2,36.6,42,39.6,47.6,46.4,42.9,39.3,49.1,46.6,28.3,39.7,26.7,32.9,37,38.7,25.8,41.7,45.5,45.9,34.3,40.8,34.9,41.2,50.3,29,26.9,30.9,44.5,40.9,15,19.7,16.6,22,26,33.3,40.3,37.9,38.3,45.7
Lymphocytes/154Sm_CD3-/CD16lo NK cells/Granzyme+ | Freq. of Parent,88.9,83.3,43.9,23.9,35.9,70.9,67.5,67.8,65.9,67.8,83.8,75.6,72.9,61.7,54.5,60,62.7,58.7,49.1,38.7,81.5,73.4,81.2,81.6,71.1,74.1,80.2,66.3,66.6,47.8,79.7,71.3,70.8,68.6,64.9,80.8,79.1,78.8,60.5,58.8,92.1,90.7,88.6,89.6,89,69.7,66,57.9,60.5,35.9
Lymphocytes/154Sm_CD3-/CD16lo NK cells/IFNg+ | Freq. of Parent,26.2,63.6,42,35.1,60.5,57.9,61,66,70,70.2,49.2,57.4,55.1,59.9,58.2,46.7,45.9,40,41.7,53.6,48.6,58.6,56.5,69.8,65.2,47.6,40.1,56.2,67.9,67.1,53.6,70.3,63.5,76.8,71.3,41.3,45.2,50.5,67.4,63.5,45.7,49.6,55.3,67.7,68.7,35.2,50.6,53,65.7,69.8
Lymphocytes/154Sm_CD3-/CD16lo NK cells/IL2+ | Freq. of Parent,0.52,0.47,0.35,0,0.63,1.95,1.91,1.77,1.91,2.02,0.28,0.24,0.26,0.55,0.39,1.3,1.39,0.76,1.54,3.87,1.13,0.83,0.93,2.99,4.37,0.28,0.6,0.34,0.81,1.42,0.85,0.54,0.76,2,2.6,0.59,0.47,0.72,0.79,1.55,1.07,0.91,0.26,0.41,1,0.9,1.28,0.78,1.86,2.42
Lymphocytes/154Sm_CD3-/CD16lo NK cells/MIP1b+ | Freq. of Parent,38.9,65.1,55.4,31.8,60.2,71.1,74.3,78.8,80.5,76.7,68.3,41.7,37.6,64.5,52.5,66.3,67.9,59.2,59.7,69.4,68.8,67.5,69.5,80.7,73.2,65.3,57.5,65.8,72.1,76.5,64.8,81.2,77.3,84.8,78,57.6,62.1,72.8,80.2,79.9,80.3,79.2,69,76.7,84.8,61.6,74.2,59.3,77.3,72.9
Lymphocytes/154Sm_CD3-/CD16lo NK cells/Perforin+ | Freq. of Parent,97.4,98.2,82.7,49,76.5,88.5,89.7,88.4,88.8,91.1,97.2,96.9,96.7,89.9,90.2,80.2,81.5,76.7,69.8,64.6,96.2,96.1,96.8,96.8,95.6,96.8,96.2,95.8,96,83.6,97.3,97.6,96.5,96.2,96.7,92.7,92.7,92.3,85.2,80.4,98.2,98.4,98.1,98.1,97.6,83.9,85.6,81.3,83,77.4
Lymphocytes/154Sm_CD3-/CD16lo NK cells/TNF+ | Freq. of Parent,11.2,35.3,17.3,9.36,29.3,21.4,25.8,28.4,30.4,39.4,24.3,27.3,23.9,26.5,32.7,21.5,22.9,18.8,21,32.1,31.2,25.4,35,43.1,49.3,20.5,21.3,22.1,24.6,29.3,27,36.5,31.3,41.5,38,21.1,24.5,28.4,34.7,37.4,21.6,23.6,24.5,30.6,33.9,20.9,27.4,25.9,34,39.4
Live Singlets/Monocytes | Freq. of Parent,11.7,8.19,1.3,0.39,0.38,10.2,10.6,7.33,6.69,1.37,5.6,3.81,7.41,2.4,0.82,8.89,12.3,15.1,5.99,5.05,10.9,6.31,6.27,2.63,0.73,16.6,9.73,12,6.04,6.22,8.32,8.73,12.5,0.4,0.96,12.4,11.5,8.55,4.63,0.93,13,10.7,14.1,8.81,2.95,0.66,1.03,1.5,0.67,0.1
Monocytes/209Bi_CD16+ | Freq. of Parent,0.28,0.44,5.11,1.28,1.85,0.64,0.65,0.7,1.21,1.45,7.65,5.31,3.92,12.1,9.83,5.84,4.26,6.05,5.1,8.83,3.29,1.55,2.58,1.88,3.49,1.48,1.62,1.62,1.89,7.01,0.85,0.91,0.9,6.28,3.48,0.53,1.81,0.73,4.28,5.02,1.46,2.14,1.71,1.43,3.21,5.46,13.7,9.04,9.93,12.1
Monocytes/209Bi_CD16+/GMCSF+ | Freq. of Parent,2.86,5,0.92,0,5.88,2.72,0.63,1.9,2.53,6.82,2.38,3.51,2.43,3.96,2.61,0.93,1.65,1.47,3.38,5.31,1.9,2.29,4.01,7.35,18.5,2.44,2.33,1.79,1.23,1.71,7.38,4,5.73,7.69,15.6,2.44,0.41,2.33,1.97,5.43,1.03,4.23,4.16,2.3,2.72,1.79,1.14,1.25,1.32,5.56
Monocytes/209Bi_CD16+/IL4+ | Freq. of Parent,11.4,12.5,2.75,0,0,12.2,15.2,1.9,7.59,4.55,1.31,2.11,1.12,3.52,2.61,2.02,2.35,0.91,2.19,10.3,2.78,0.92,1.87,10.3,4.62,0.87,0.29,2.68,9.26,6.29,6.56,5.6,6.25,19.2,13,1.63,1.86,0.78,1.97,2.17,7.22,2.5,6.24,3.45,2.04,0,0.76,1.25,5.26,16.7
Monocytes/209Bi_CD16+/MIP1b+ | Freq. of Parent,54.3,35,24.8,0,17.6,52.4,59.5,34.3,35.4,36.4,35.5,34.4,30.4,31.7,48.4,31.8,32.8,28.2,31.6,21.5,27.7,45,55.9,58.8,63.1,23.7,27.3,23.4,17.9,12,48.4,39.2,43.8,38.5,58.4,18.7,18.6,23.3,33,27.2,40.2,61,37.8,37.4,46.9,10.7,12.9,32.5,30.3,33.3
Monocytes/209Bi_CD16+/TNF+ | Freq. of Parent,5.71,2.5,1.83,0,5.88,10.2,6.33,3.81,16.5,15.9,4.51,6.79,4.29,4.41,6.54,5.47,6.53,6.85,8.95,8.38,13.8,6.88,13.6,11.8,26.2,9.6,9.88,9.6,6.79,8,14.8,17.6,16.1,11.5,26,7.32,4.12,6.98,3.45,8.7,4.47,11.2,12.9,9.2,5.44,1.79,1.14,2.5,2.63,22.2
Monocytes/209Bi_CD16+/GMCSF+_ & TNF+_ | Freq. of Parent,2.86,0,0,0,5.88,0.68,0.63,1.9,2.53,4.55,1.31,2.58,1.31,1.76,1.96,0.42,0.87,1.01,1.79,3.35,1.46,1.38,2.94,2.94,15.4,1.75,1.74,0.89,0,1.14,3.28,0.8,2.08,3.85,10.4,1.63,0.21,2.33,1.48,5.43,0.69,2.12,2.7,1.15,1.36,0,0.38,0.83,0,0
Monocytes/209Bi_CD16- | Freq. of Parent,99.7,99.6,94.9,98.7,98.2,99.4,99.4,99.3,98.8,98.6,92.4,94.7,96.1,87.9,90.2,94.2,95.7,93.9,94.9,91.2,96.7,98.4,97.4,98.1,96.5,98.5,98.4,98.4,98.1,93,99.2,99.1,99.1,93.7,96.5,99.5,98.2,99.3,95.7,95,98.5,97.9,98.3,98.6,96.8,94.5,86.3,91,90.1,87.9
Monocytes/209Bi_CD16-/GMCSF+ | Freq. of Parent,15.2,12.5,10.1,3.69,17,12.3,14.8,16.7,14.2,32.4,18.8,22.2,18.2,15.1,35.7,10,11.8,11.2,17,11,20.5,16.2,25.5,38.5,63.4,11.9,15.3,10.7,9.91,14.7,11.8,10.5,8.74,36.6,33.1,8.96,10.2,15.9,13.3,21.4,9.95,19.1,13.8,11.9,23.5,5.88,6.72,5.96,4.06,13.7
Monocytes/209Bi_CD16-/IL4+ | Freq. of Parent,11.5,12.4,0.99,0.43,0.67,8.55,12.8,7.86,6.33,1.24,2.01,1.22,0.97,0.6,0.64,1.22,1.31,0.54,0.78,0.95,3.72,3,3.38,4.71,1.06,1.99,1.36,1.3,0.9,0.65,6.07,5.26,4.78,2.58,5.01,1.14,0.52,0.26,1.06,0.86,12.9,8.45,7.17,3.9,2.03,0.62,1.09,1.78,0.87,3.82
Monocytes/209Bi_CD16-/MIP1b+ | Freq. of Parent,67.5,42.9,38,16.5,36.4,87.4,84.1,81.9,76.1,75.4,68,50.5,47.4,32.2,58.3,62.4,64,56.3,55.4,23.3,77.1,77.4,84.9,74.8,72.8,74.8,76.3,64.7,44.6,51.3,73.9,69,75.4,70.1,72.6,63.2,59.8,64.9,63.6,51.8,75.1,83.2,67.6,64.4,70.8,28.5,36.4,52.2,43,74
Monocytes/209Bi_CD16-/TNF+ | Freq. of Parent,21.3,13.7,15.1,4.34,22,57.2,45.2,59.9,50.1,56.3,56.6,57.2,54.7,26,50.2,24.4,43.5,47.5,30.9,16.3,69.6,59.1,69.3,48.9,59.9,62.3,63,49.8,21.9,30.4,59,45.8,64.9,31.7,49.8,59.4,47.1,45.2,25.8,30,55.6,49.1,61.2,59.5,28,9.29,17.2,16.5,7.11,12.2
Monocytes/209Bi_CD16-/GMCSF+_ & TNF+_ | Freq. of Parent,5.85,2.87,2.27,1.3,9.42,8.89,9.41,12.5,10.3,22.9,13.8,16.6,12.3,9.13,24.4,4.25,7.89,8.73,10.4,7.25,17,9.62,20.4,25.5,45.3,8.27,10.9,6.29,3.6,7.24,9.24,6.59,7.02,19.3,21.1,7.22,7.08,10.5,5.86,13,7.11,12.1,10.7,8.65,11,2.48,3.99,2.65,1.6,5.34
Monocytes/CTLA-4+ | Freq. of Parent,5.71,7.22,0.23,0,0.22,5.91,5.86,4.07,2.09,3.62,4.73,6.1,6.06,2.5,2.7,2.02,3.19,0.81,1.56,0.67,3.8,4.64,5.34,4.07,1.07,1.73,1.43,2.02,1.01,0.12,3.32,5.9,5.03,2.42,5.92,3.59,1.78,1.45,1.18,0.82,20.9,19.2,17.6,14.8,4.41,0.68,2.92,3.13,1.44,5.37
Monocytes/MIP1b+ | Freq. of Parent,59.5,32.5,30.7,12.6,30.7,81.3,75.1,74.2,68.3,68.9,53.9,34,32.5,24.3,46.8,53.4,55.6,47.4,48.2,20.4,63.2,69.7,75.2,68.1,68.4,64.5,68.5,50.8,34.4,40.3,65.3,59.6,67.8,63.5,66.6,55.1,49.7,56.1,54.7,44.8,64.8,73.7,50.9,48.6,62.3,22.4,26.7,41.9,35.2,64.4